Event Name,Short Name,Event Description,Event Category,Event Start Date,Event Time Starts,Event End Date,Event Time Ends,Free Event,Accesible Event,Event Website,Event Email,Event Telephone,Location,Latitude,Longitude,Event Attendance,Mean Attendance per Day
St. Patrick's Day Parade,St. Patrick's Day,Festive parade returning to the streets of downtown.,Parade / Culture,2022-03-20,12:00:00,2022-03-20,3:00:00 PM,Yes,Yes,stpatrickstoronto.com,info@stpatrickstoronto.com,+1 416-996-8431,Yonge Street,43.6673,-79.3994,300000,300000
Toronto Blue Jays Opening Day,Blue Jays Day 1,MLB season home opener against Texas Rangers at full capacity.,Sports,2022-04-08,19:00:00,2022-04-08,10:30:00 PM,No,Yes,mlb.com/bluejays,fanfeedback@bluejays.com,+1 416-341-1000,Rogers Centre,43.6414,-79.3894,45022,45022
National Home Show,Home Show Day 1,Consumer show for home improvement and decor.,Exhibition,2022-04-15,10:00:00,2022-04-15,8:00:00 PM,No,Yes,nationalhomeshow.com,info@homeshow.ca,+1 416-644-5400,Enercare Centre,43.6334,-79.4124,150000,15000
National Home Show,Home Show Day 2,Consumer show for home improvement and decor.,Exhibition,2022-04-16,10:00:00,2022-04-16,8:00:00 PM,No,Yes,nationalhomeshow.com,info@homeshow.ca,+1 416-644-5400,Enercare Centre,43.6334,-79.4124,150000,15000
National Home Show,Home Show Day 3,Consumer show for home improvement and decor.,Exhibition,2022-04-17,10:00:00,2022-04-17,6:00:00 PM,No,Yes,nationalhomeshow.com,info@homeshow.ca,+1 416-644-5400,Enercare Centre,43.6334,-79.4124,150000,15000
Redway Road Stair Climb,Bike & Climb Day 1,Community cycling and hiking challenge.,Sports / Outdoor,2022-05-14,9:00:00 AM,2022-05-14,2:00:00 PM,Yes,No,toronto.ca/parks,parks@toronto.ca,+1 416-338-0338,Crothers Woods,43.6936,-79.3524,2000,2000
ActiveTO Lakeshore West,ActiveTO Day 1,Major road closure for cyclists and pedestrians.,Sports / Outdoor,2022-05-21,7:00:00 AM,2022-05-21,7:00:00 PM,Yes,Yes,toronto.ca/activeto,activeto@toronto.ca,+1 416-338-0338,Lakeshore Blvd West,43.6333,-79.414,40000,20000
ActiveTO Lakeshore West,ActiveTO Day 2,Major road closure for cyclists and pedestrians.,Sports / Outdoor,2022-05-22,7:00:00 AM,2022-05-22,7:00:00 PM,Yes,Yes,toronto.ca/activeto,activeto@toronto.ca,+1 416-338-0338,Lakeshore Blvd West,43.6333,-79.414,40000,20000
Doors Open Toronto,Doors Open Day 1,Free access to city buildings and historical landmarks.,Culture / History,2022-05-28,10:00:00,2022-05-28,5:00:00 PM,Yes,Yes,toronto.ca/doorsopen,doorsopen@toronto.ca,+1 416-338-0338,Citywide,43.6534,-79.3841,200000,100000
Doors Open Toronto,Doors Open Day 2,Free access to city buildings and historical landmarks.,Culture / History,2022-05-29,10:00:00,2022-05-29,5:00:00 PM,Yes,Yes,toronto.ca/doorsopen,doorsopen@toronto.ca,+1 416-338-0338,Citywide,43.6534,-79.3841,200000,100000
Pedestrian Sundays,Kensington Day 1,Monthly closure of streets to cars.,Community,2022-05-29,12:00:00 PM,2022-05-29,7:00:00 PM,Yes,Yes,https://www.google.com/search?q=kensingtonmarketbia.com,,+1 416-603-5000,Kensington Market,43.6547,-79.4007,25000,25000
Bike for Brain Health,Mattamy Bike Day 1,Massive charity bike ride on the DVP highway.,Sports / Charity,2022-06-05,6:00:00 AM,2022-06-05,1:00:00 PM,No,Yes,bikeforbrainhealth.ca,info@baycrest.org,+1 416-785-2500,Don Valley Parkway,43.6655,-79.3541,15000,15000
Luminato Festival,Luminato Day 1,International arts festival featuring large scale installations.,Arts / Culture,2022-06-09,10:00:00,2022-06-09,11:00:00 PM,Yes,Yes,luminatofestival.com,info@luminato.com,+1 416-368-3745,Various Locations,43.6475,-79.3815,250000,25000
Luminato Festival,Luminato Day 2,International arts festival featuring large scale installations.,Arts / Culture,2022-06-10,10:00:00,2022-06-10,11:00:00 PM,Yes,Yes,luminatofestival.com,info@luminato.com,+1 416-368-3745,Various Locations,43.6475,-79.3815,250000,25000
Luminato Festival,Luminato Day 3,International arts festival featuring large scale installations.,Arts / Culture,2022-06-11,10:00:00,2022-06-11,11:00:00 PM,Yes,Yes,luminatofestival.com,info@luminato.com,+1 416-368-3745,Various Locations,43.6475,-79.3815,250000,25000
Roncy Rocks,Roncy Rocks Day 1,Celebration of music and arts on Roncesvalles.,Arts / Music,2022-06-11,10:00:00 AM,2022-06-11,8:00:00 PM,Yes,Yes,roncesvallesvillage.ca,info@roncesvallesvillage.ca,+1 416-535-8555,Roncesvalles Ave,43.6452,-79.4485,40000,40000
The Junction Summer Solstice,Junction Day 1,"Music, art and local market festival.",Community / Music,2022-06-18,12:00:00 PM,2022-06-18,11:59:00 PM,Yes,Yes,https://www.google.com/search?q=torontojunction.com,,+1 416-767-9169,The Junction,43.6657,-79.4678,35000,35000
Pride Toronto Festival,Pride Toronto Day 1,Major festival celebrating 2SLGBTQ+ communities.,Community / Festival,2022-06-24,10:00:00 AM,2022-06-24,11:00:00 PM,Yes,Yes,pridetoronto.com,office@pridetoronto.com,+1 416-927-7433,Church-Wellesley Village,43.6656,-79.3809,2400000,800000
Pride Toronto Festival,Pride Toronto Day 2,Major festival celebrating 2SLGBTQ+ communities.,Community / Festival,2022-06-25,10:00:00 AM,2022-06-25,11:00:00 PM,Yes,Yes,pridetoronto.com,office@pridetoronto.com,+1 416-927-7433,Church-Wellesley Village,43.6656,-79.3809,2400000,800000
Pedestrian Sundays,Kensington Day 2,Monthly closure of streets to cars.,Community,2022-06-26,12:00:00 PM,2022-06-26,7:00:00 PM,Yes,Yes,https://www.google.com/search?q=kensingtonmarketbia.com,,+1 416-603-5000,Kensington Market,43.6547,-79.4007,25000,25000
Pride Toronto Festival,Pride Toronto Day 3,Final day featuring the main Pride Parade.,Community / Festival,2022-06-26,10:00:00 AM,2022-06-26,11:00:00 PM,Yes,Yes,pridetoronto.com,office@pridetoronto.com,+1 416-927-7433,Church-Wellesley Village,43.6656,-79.3809,2400000,800000
Salsa on St. Clair,Salsa on St. Clair Day 1,Canada's hottest salsa party and street festival.,Festival / Dance,2022-07-09,12:00:00 PM,2022-07-09,10:00:00 PM,Yes,Yes,salsaintoronto.com,info@salsaintoronto.com,+1 416-744-5732,St. Clair Ave West,43.6781,-79.4312,350000,175000
Salsa on St. Clair,Salsa on St. Clair Day 2,Canada's hottest salsa party and street festival.,Festival / Dance,2022-07-10,12:00:00 PM,2022-07-10,9:00:00 PM,Yes,Yes,salsaintoronto.com,info@salsaintoronto.com,+1 416-744-5732,St. Clair Ave West,43.6781,-79.4312,350000,175000
Honda Indy Toronto,Honda Indy Day 1,IndyCar Series racing on the streets of Exhibition Place.,Sports / Racing,2022-07-15,8:00:00,2022-07-15,6:00:00 PM,No,Yes,hondaindy.com,info@hondaindy.com,+1 416-588-7223,Exhibition Place,43.6328,-79.4116,150000,50000
Toronto Outdoor Art Fair,TOAF Day 1,Canada's largest outdoor art exhibition.,Arts / Culture,2022-07-15,10:00:00 AM,2022-07-15,7:00:00 PM,Yes,Yes,toaf.ca,info@toaf.ca,+1 416-646-0190,Nathan Phillips Square,43.6535,-79.3839,150000,50000
Honda Indy Toronto,Honda Indy Day 2,IndyCar Series racing on the streets of Exhibition Place.,Sports / Racing,2022-07-16,8:00:00,2022-07-16,6:00:00 PM,No,Yes,hondaindy.com,info@hondaindy.com,+1 416-588-7223,Exhibition Place,43.6328,-79.4116,150000,50000
Toronto Outdoor Art Fair,TOAF Day 2,Canada's largest outdoor art exhibition.,Arts / Culture,2022-07-16,10:00:00 AM,2022-07-16,7:00:00 PM,Yes,Yes,toaf.ca,info@toaf.ca,+1 416-646-0190,Nathan Phillips Square,43.6535,-79.3839,150000,50000
Festival of South Asia,South Asia Day 1,Cultural festival with food and performances.,Festival / Culture,2022-07-16,12:00:00 PM,2022-07-16,11:00:00 PM,Yes,Yes,festivalofsouthasia.ca,info@gerrardindiabazaar.com,+1 416-465-8555,Gerrard India Bazaar,43.6722,-79.3218,200000,100000
Honda Indy Toronto,Honda Indy Day 3,Final championship race of the Honda Indy Toronto.,Sports / Racing,2022-07-17,8:00:00,2022-07-17,6:00:00 PM,No,Yes,hondaindy.com,info@hondaindy.com,+1 416-588-7223,Exhibition Place,43.6328,-79.4116,150000,50000
Toronto Outdoor Art Fair,TOAF Day 3,Canada's largest outdoor art exhibition.,Arts / Culture,2022-07-17,10:00:00 AM,2022-07-17,5:00:00 PM,Yes,Yes,toaf.ca,info@toaf.ca,+1 416-646-0190,Nathan Phillips Square,43.6535,-79.3839,150000,50000
Festival of South Asia,South Asia Day 2,Cultural festival with food and performances.,Festival / Culture,2022-07-17,12:00:00 PM,2022-07-17,11:00:00 PM,Yes,Yes,festivalofsouthasia.ca,info@gerrardindiabazaar.com,+1 416-465-8555,Gerrard India Bazaar,43.6722,-79.3218,200000,100000
BIG on Bloor Festival,BIG Bloor Day 1,Celebration of community arts and culture.,Arts / Community,2022-07-23,12:00:00 PM,2022-07-23,11:59:00 PM,Yes,Yes,bigonbloorfestival.com,info@bigonbloor.com,+1 416-645-5600,Bloor St West (Lansdowne),43.6591,-79.4442,100000,50000
BIG on Bloor Festival,BIG Bloor Day 2,Celebration of community arts and culture.,Arts / Community,2022-07-24,12:00:00 PM,2022-07-24,6:00:00 PM,Yes,Yes,bigonbloorfestival.com,info@bigonbloor.com,+1 416-645-5600,Bloor St West (Lansdowne),43.6591,-79.4442,100000,50000
Toronto Caribbean Carnival,Caribana Day 1,Massive cultural festival celebrating Caribbean culture and spirit.,Festival / Culture,2022-07-28,9:00:00 AM,2022-07-28,10:00:00 PM,Yes,Yes,torontocarnival.ca,info@torontocarnival.ca,+1 416-391-5608,Various Locations,43.63,-79.412,1200000,300000
Veld Music Festival,Veld Day 1,Electronic and Hip-Hop music festival at Downsview Park.,Music Festival,2022-07-29,13:00:00,2022-07-29,11:00:00 PM,No,Yes,veldmusicfestival.com,info@inkentertainment.com,+1 416-869-9444,Downsview Park,43.7374,-79.4795,90000,30000
Toronto Caribbean Carnival,Caribana Day 2,Massive cultural festival celebrating Caribbean culture and spirit.,Festival / Culture,2022-07-29,9:00:00 AM,2022-07-29,11:00:00 PM,Yes,Yes,torontocarnival.ca,info@torontocarnival.ca,+1 416-391-5608,Various Locations,43.63,-79.412,1200000,300000
Veld Music Festival,Veld Day 2,Electronic and Hip-Hop music festival at Downsview Park.,Music Festival,2022-07-30,13:00:00,2022-07-30,11:00:00 PM,No,Yes,veldmusicfestival.com,info@inkentertainment.com,+1 416-869-9444,Downsview Park,43.7374,-79.4795,90000,30000
Toronto Caribbean Carnival,Caribana Day 3,"The Grand Parade day, the festival's largest highlight.",Festival / Culture,2022-07-30,8:00:00 AM,2022-07-30,10:00:00 PM,Yes,Yes,torontocarnival.ca,info@torontocarnival.ca,+1 416-391-5608,Exhibition Place / Lakeshore,43.6291,-79.419,1200000,300000
Veld Music Festival,Veld Day 3,Electronic and Hip-Hop music festival at Downsview Park.,Music Festival,2022-07-31,13:00:00,2022-07-31,11:00:00 PM,No,Yes,veldmusicfestival.com,info@inkentertainment.com,+1 416-869-9444,Downsview Park,43.7374,-79.4795,90000,30000
Pedestrian Sundays,Kensington Day 3,Monthly closure of streets to cars.,Community,2022-07-31,12:00:00 PM,2022-07-31,7:00:00 PM,Yes,Yes,https://www.google.com/search?q=kensingtonmarketbia.com,,+1 416-603-5000,Kensington Market,43.6547,-79.4007,25000,25000
Toronto Caribbean Carnival,Caribana Day 4,Final day of cultural celebrations and community events.,Festival / Culture,2022-07-31,10:00:00 AM,2022-07-31,8:00:00 PM,Yes,Yes,torontocarnival.ca,info@torontocarnival.ca,+1 416-391-5608,Various Locations,43.63,-79.412,1200000,300000
JerkFest Toronto,JerkFest Day 1,Food and music festival at Centennial Park.,Food / Music,2022-08-05,5:00:00 PM,2022-08-05,10:00:00 PM,No,Yes,jerkfestival.ca,info@jerkfestival.ca,+1 416-394-8750,Centennial Park,43.6504,-79.5878,60000,20000
Taste of the Danforth,Danforth Day 1,One of Canada's largest street festivals celebrating Greek culture.,Food / Festival,2022-08-05,6:00:00 PM,2022-08-05,11:59:00 PM,Yes,Yes,tasteofthedanforth.com,info@greektowntoronto.com,+1 416-469-5621,Danforth Avenue,43.679,-79.345,1600000,533333
JerkFest Toronto,JerkFest Day 2,Food and music festival at Centennial Park.,Food / Music,2022-08-06,11:00:00 AM,2022-08-06,10:00:00 PM,No,Yes,jerkfestival.ca,info@jerkfestival.ca,+1 416-394-8750,Centennial Park,43.6504,-79.5878,60000,20000
Vegandale Festival,Vegandale Day 1,Massive vegan food and music festival.,Food / Festival,2022-08-06,11:00:00 AM,2022-08-06,7:00:00 PM,No,Yes,vegandalefest.com,info@vegandalefest.com,+1 647-930-4100,Fort York Garrison,43.6385,-79.4055,30000,30000
Taste of the Danforth,Danforth Day 2,One of Canada's largest street festivals celebrating Greek culture.,Food / Festival,2022-08-06,12:00:00 PM,2022-08-06,11:59:00 PM,Yes,Yes,tasteofthedanforth.com,info@greektowntoronto.com,+1 416-469-5621,Danforth Avenue,43.679,-79.345,1600000,533333
JerkFest Toronto,JerkFest Day 3,Food and music festival at Centennial Park.,Food / Music,2022-08-07,11:00:00 AM,2022-08-07,10:00:00 PM,No,Yes,jerkfestival.ca,info@jerkfestival.ca,+1 416-394-8750,Centennial Park,43.6504,-79.5878,60000,20000
Taste of the Danforth,Danforth Day 3,One of Canada's largest street festivals celebrating Greek culture.,Food / Festival,2022-08-07,12:00:00 PM,2022-08-07,10:00:00 PM,Yes,Yes,tasteofthedanforth.com,info@greektowntoronto.com,+1 416-469-5621,Danforth Avenue,43.679,-79.345,1600000,533333
Waterfront Night Market,WNM Day 1,Pan-Asian food and lifestyle market.,Food / Festival,2022-08-12,6:00:00 PM,2022-08-12,11:59:00 PM,No,Yes,waterfrontnightmarket.com,info@wnm.ca,+1 647-812-7065,Ontario Place,43.6285,-79.4154,120000,40000
Wheels on the Danforth,Wheels Day 1,Community street festival and car show.,Community / Car Show,2022-08-13,11:00:00 AM,2022-08-13,10:00:00 PM,Yes,Yes,wheelsonthedanforth.ca,info@crossroadsbia.ca,+1 416-693-8346,Danforth Ave / Danforth Rd,43.6934,-79.2778,50000,50000
Waterfront Night Market,WNM Day 2,Pan-Asian food and lifestyle market.,Food / Festival,2022-08-13,4:00:00 PM,2022-08-13,11:59:00 PM,No,Yes,waterfrontnightmarket.com,info@wnm.ca,+1 647-812-7065,Ontario Place,43.6285,-79.4154,120000,40000
Waterfront Night Market,WNM Day 3,Pan-Asian food and lifestyle market.,Food / Festival,2022-08-14,4:00:00 PM,2022-08-14,10:00:00 PM,No,Yes,waterfrontnightmarket.com,info@wnm.ca,+1 647-812-7065,Ontario Place,43.6285,-79.4154,120000,40000
Harry Styles: Love On Tour,Harry Styles Day 1,Major solo performance at the Scotiabank Arena.,Concert,2022-08-15,20:00:00,2022-08-15,11:00:00 PM,No,Yes,scotiabankarena.com,info@mlse.com,+1 416-815-5500,Scotiabank Arena,43.6435,-79.3791,40000,20000
Harry Styles: Love On Tour,Harry Styles Day 2,Major solo performance at the Scotiabank Arena.,Concert,2022-08-16,20:00:00,2022-08-16,11:00:00 PM,No,Yes,scotiabankarena.com,info@mlse.com,+1 416-815-5500,Scotiabank Arena,43.6435,-79.3791,40000,20000
Canadian National Exhibition,CNE Day 1,Canada's largest annual community event (The Ex).,Exhibition / Fair,2022-08-19,10:00:00 AM,2022-08-19,11:59:00 PM,No,Yes,theex.com,info@theex.com,+1 416-263-3800,Exhibition Place,43.6328,-79.4116,1560000,86667
Sweetery Toronto,Sweetery Day 1,Largest sweets and desserts festival.,Food / Festival,2022-08-20,12:00:00 PM,2022-08-20,11:00:00 PM,Yes,Yes,sweeterytoronto.com,info@sweeterytoronto.com,+1 647-493-2283,David Pecaut Square,43.6465,-79.3872,40000,20000
Canadian National Exhibition,CNE Day 2,Canada's largest annual community event (The Ex).,Exhibition / Fair,2022-08-20,10:00:00 AM,2022-08-20,11:59:00 PM,No,Yes,theex.com,info@theex.com,+1 416-263-3800,Exhibition Place,43.6328,-79.4116,1560000,86667
Sweetery Toronto,Sweetery Day 2,Largest sweets and desserts festival.,Food / Festival,2022-08-21,12:00:00 PM,2022-08-21,9:00:00 PM,Yes,Yes,sweeterytoronto.com,info@sweeterytoronto.com,+1 647-493-2283,David Pecaut Square,43.6465,-79.3872,40000,20000
Canadian National Exhibition,CNE Day 3,Canada's largest annual community event (The Ex).,Exhibition / Fair,2022-08-21,10:00:00 AM,2022-08-21,11:59:00 PM,No,Yes,theex.com,info@theex.com,+1 416-263-3800,Exhibition Place,43.6328,-79.4116,1560000,86667
Canadian National Exhibition,CNE Day 4,Canada's largest annual community event (The Ex).,Exhibition / Fair,2022-08-22,10:00:00 AM,2022-08-22,11:59:00 PM,No,Yes,theex.com,info@theex.com,+1 416-263-3800,Exhibition Place,43.6328,-79.4116,1560000,86667
Canadian National Exhibition,CNE Day 5,Canada's largest annual community event (The Ex).,Exhibition / Fair,2022-08-23,10:00:00 AM,2022-08-23,11:59:00 PM,No,Yes,theex.com,info@theex.com,+1 416-263-3800,Exhibition Place,43.6328,-79.4116,1560000,86667
Canadian National Exhibition,CNE Day 6,Canada's largest annual community event (The Ex).,Exhibition / Fair,2022-08-24,10:00:00 AM,2022-08-24,11:59:00 PM,No,Yes,theex.com,info@theex.com,+1 416-263-3800,Exhibition Place,43.6328,-79.4116,1560000,86667
Canadian National Exhibition,CNE Day 7,"Annual fair featuring midway rides, food, and shopping.",Exhibition / Fair,2022-08-25,10:00:00 AM,2022-08-25,11:59:00 PM,No,Yes,theex.com,info@theex.com,+1 416-263-3800,Exhibition Place,43.6328,-79.4116,1560000,86667
Fan Expo Canada,Fan Expo Day 1,"Massive pop culture, comic and gaming convention",Convention,2022-08-25,4:00:00 PM,2022-08-25,21:00:00,No,Yes,fanexpocanada.com,info@fanexpo.com,+1 416-585-8000,MTCC,43.6444,-79.3854,135000,33750
Canadian National Exhibition,CNE Day 8,"Annual fair featuring midway rides, food, and shopping.",Exhibition / Fair,2022-08-26,10:00:00 AM,2022-08-26,11:59:00 PM,No,Yes,theex.com,info@theex.com,+1 416-263-3800,Exhibition Place,43.6328,-79.4116,1560000,86667
Fan Expo Canada,Fan Expo Day 2,"Massive pop culture, comic and gaming convention",Convention,2022-08-26,10:00:00 AM,2022-08-26,19:00:00,No,Yes,fanexpocanada.com,info@fanexpo.com,+1 416-585-8000,MTCC,43.6444,-79.3854,135000,33750
Canadian National Exhibition,CNE Day 9,"Annual fair featuring midway rides, food, and shopping.",Exhibition / Fair,2022-08-27,10:00:00 AM,2022-08-27,11:59:00 PM,No,Yes,theex.com,info@theex.com,+1 416-263-3800,Exhibition Place,43.6328,-79.4116,1560000,86667
Fan Expo Canada,Fan Expo Day 3,"Massive pop culture, comic and gaming convention",Convention,2022-08-27,10:00:00 AM,2022-08-27,19:00:00,No,Yes,fanexpocanada.com,info@fanexpo.com,+1 416-585-8000,MTCC,43.6444,-79.3854,135000,33750
Canadian National Exhibition,CNE Day 10,"Annual fair featuring midway rides, food, and shopping.",Exhibition / Fair,2022-08-28,10:00:00 AM,2022-08-28,11:59:00 PM,No,Yes,theex.com,info@theex.com,+1 416-263-3800,Exhibition Place,43.6328,-79.4116,1560000,86667
Fan Expo Canada,Fan Expo Day 4,"Massive pop culture, comic and gaming convention",Convention,2022-08-28,10:00:00 AM,2022-08-28,17:00:00,No,Yes,fanexpocanada.com,info@fanexpo.com,+1 416-585-8000,MTCC,43.6444,-79.3854,135000,33750
Canadian National Exhibition,CNE Day 11,"Annual fair featuring midway rides, food, and shopping.",Exhibition / Fair,2022-08-29,10:00:00 AM,2022-08-29,11:59:00 PM,No,Yes,theex.com,info@theex.com,+1 416-263-3800,Exhibition Place,43.6328,-79.4116,1560000,86667
Canadian National Exhibition,CNE Day 12,"Annual fair featuring midway rides, food, and shopping.",Exhibition / Fair,2022-08-30,10:00:00 AM,2022-08-30,11:59:00 PM,No,Yes,theex.com,info@theex.com,+1 416-263-3800,Exhibition Place,43.6328,-79.4116,1560000,86667
Canadian National Exhibition,CNE Day 13,"Annual fair featuring midway rides, food, and shopping.",Exhibition / Fair,2022-08-31,10:00:00 AM,2022-08-31,11:59:00 PM,No,Yes,theex.com,info@theex.com,+1 416-263-3800,Exhibition Place,43.6328,-79.4116,1560000,86667
Canadian National Exhibition,CNE Day 14,"Annual fair featuring midway rides, food, and shopping.",Exhibition / Fair,2022-09-01,10:00:00 AM,2022-09-01,11:59:00 PM,No,Yes,theex.com,info@theex.com,+1 416-263-3800,Exhibition Place,43.6328,-79.4116,1560000,86667
Canadian National Exhibition,CNE Day 15,"Annual fair featuring midway rides, food, and shopping.",Exhibition / Fair,2022-09-02,10:00:00 AM,2022-09-02,11:59:00 PM,No,Yes,theex.com,info@theex.com,+1 416-263-3800,Exhibition Place,43.6328,-79.4116,1560000,86667
Canadian International Air Show,Air Show Day 1,High-altitude aerial display over the Toronto waterfront.,Exhibition,2022-09-03,12:00:00,2022-09-03,3:30:00 PM,No,Yes,cias.org,info@cias.org,+1 416-263-3650,Waterfront / CNE,43.6291,-79.419,1000000,333333
Canadian National Exhibition,CNE Day 16,Featuring the Canadian International Air Show.,Exhibition / Fair,2022-09-03,10:00:00 AM,2022-09-03,11:59:00 PM,No,Yes,theex.com,info@theex.com,+1 416-263-3800,Exhibition Place,43.6328,-79.4116,1560000,86667
Canadian International Air Show,Air Show Day 2,High-altitude aerial display over the Toronto waterfront.,Exhibition,2022-09-04,12:00:00,2022-09-04,3:30:00 PM,No,Yes,cias.org,info@cias.org,+1 416-263-3650,Waterfront / CNE,43.6291,-79.419,1000000,333333
Canadian National Exhibition,CNE Day 17,Featuring the Canadian International Air Show.,Exhibition / Fair,2022-09-04,10:00:00 AM,2022-09-04,11:59:00 PM,No,Yes,theex.com,info@theex.com,+1 416-263-3800,Exhibition Place,43.6328,-79.4116,1560000,86667
Canadian International Air Show,Air Show Day 3,Final aerial display of the season on Labor Day.,Exhibition,2022-09-05,12:00:00,2022-09-05,3:30:00 PM,No,Yes,cias.org,info@cias.org,+1 416-263-3650,Waterfront / CNE,43.6291,-79.419,1000000,333333
Canadian National Exhibition,CNE Day 18,Final day of the exhibition on Labor Day.,Exhibition / Fair,2022-09-05,10:00:00 AM,2022-09-05,9:00:00 PM,No,Yes,theex.com,info@theex.com,+1 416-263-3800,Exhibition Place,43.6328,-79.4116,1560000,86667
Toronto Int. Film Festival,TIFF Day 1,One of the largest publicly attended film festivals.,Arts / Cinema,2022-09-08,9:00:00 AM,2022-09-08,11:59:00 PM,No,Yes,tiff.net,customerrelations@tiff.net,+1 416-599-2033,TIFF Bell Lightbox,43.6464,-79.3905,450000,40909
Toronto Int. Film Festival,TIFF Day 2,One of the largest publicly attended film festivals.,Arts / Cinema,2022-09-09,9:00:00 AM,2022-09-09,11:59:00 PM,No,Yes,tiff.net,customerrelations@tiff.net,+1 416-599-2033,TIFF Bell Lightbox,43.6464,-79.3905,450000,40909
Cabbagetown Festival,Cabbagetown Day 1,Historic neighborhood street festival.,Community / Food,2022-09-10,11:00:00 AM,2022-09-10,10:00:00 PM,Yes,Yes,cabbagetownfestival.org,info@cabbagetownbia.com,+1 416-921-0857,Parliament Street,43.6668,-79.3683,150000,75000
Toronto Int. Film Festival,TIFF Day 3,One of the largest publicly attended film festivals.,Arts / Cinema,2022-09-10,9:00:00 AM,2022-09-10,11:59:00 PM,No,Yes,tiff.net,customerrelations@tiff.net,+1 416-599-2033,TIFF Bell Lightbox,43.6464,-79.3905,450000,40909
Cabbagetown Festival,Cabbagetown Day 2,Historic neighborhood street festival.,Community / Food,2022-09-11,11:00:00 AM,2022-09-11,7:00:00 PM,Yes,Yes,cabbagetownfestival.org,info@cabbagetownbia.com,+1 416-921-0857,Parliament Street,43.6668,-79.3683,150000,75000
Toronto Int. Film Festival,TIFF Day 4,One of the largest publicly attended film festivals.,Arts / Cinema,2022-09-11,9:00:00 AM,2022-09-11,11:59:00 PM,No,Yes,tiff.net,customerrelations@tiff.net,+1 416-599-2033,TIFF Bell Lightbox,43.6464,-79.3905,450000,40909
Toronto Int. Film Festival,TIFF Day 5,One of the largest publicly attended film festivals.,Arts / Cinema,2022-09-12,9:00:00 AM,2022-09-12,11:59:00 PM,No,Yes,tiff.net,customerrelations@tiff.net,+1 416-599-2033,TIFF Bell Lightbox,43.6464,-79.3905,450000,40909
Toronto Int. Film Festival,TIFF Day 6,One of the largest publicly attended film festivals.,Arts / Cinema,2022-09-13,9:00:00 AM,2022-09-13,11:59:00 PM,No,Yes,tiff.net,customerrelations@tiff.net,+1 416-599-2033,TIFF Bell Lightbox,43.6464,-79.3905,450000,40909
Toronto Int. Film Festival,TIFF Day 7,One of the largest publicly attended film festivals.,Arts / Cinema,2022-09-14,9:00:00 AM,2022-09-14,11:59:00 PM,No,Yes,tiff.net,customerrelations@tiff.net,+1 416-599-2033,TIFF Bell Lightbox,43.6464,-79.3905,450000,40909
Toronto Int. Film Festival,TIFF Day 8,One of the largest publicly attended film festivals.,Arts / Cinema,2022-09-15,9:00:00 AM,2022-09-15,11:59:00 PM,No,Yes,tiff.net,customerrelations@tiff.net,+1 416-599-2033,TIFF Bell Lightbox,43.6464,-79.3905,450000,40909
Toronto Int. Film Festival,TIFF Day 9,One of the largest publicly attended film festivals.,Arts / Cinema,2022-09-16,9:00:00 AM,2022-09-16,11:59:00 PM,No,Yes,tiff.net,customerrelations@tiff.net,+1 416-599-2033,TIFF Bell Lightbox,43.6464,-79.3905,450000,40909
Eglinton Way Art Walk,Art Walk Day 1,Outdoor art stroll through Eglinton Way.,Arts / Culture,2022-09-17,10:00:00 AM,2022-09-17,5:00:00 PM,Yes,Yes,theeglintonway.com,info@theeglintonway.com,+1 416-487-3777,Eglinton Way,43.7027,-79.415,15000,7500
Toronto Int. Film Festival,TIFF Day 10,One of the largest publicly attended film festivals.,Arts / Cinema,2022-09-17,9:00:00 AM,2022-09-17,11:59:00 PM,No,Yes,tiff.net,customerrelations@tiff.net,+1 416-599-2033,TIFF Bell Lightbox,43.6464,-79.3905,450000,40909
Eglinton Way Art Walk,Art Walk Day 2,Outdoor art stroll through Eglinton Way.,Arts / Culture,2022-09-18,10:00:00 AM,2022-09-18,5:00:00 PM,Yes,Yes,theeglintonway.com,info@theeglintonway.com,+1 416-487-3777,Eglinton Way,43.7027,-79.415,15000,7500
Toronto Int. Film Festival,TIFF Day 11,One of the largest publicly attended film festivals.,Arts / Cinema,2022-09-18,9:00:00 AM,2022-09-18,11:59:00 PM,No,Yes,tiff.net,customerrelations@tiff.net,+1 416-599-2033,TIFF Bell Lightbox,43.6464,-79.3905,450000,40909
The Weeknd: After Hours til Dawn,The Weeknd Concert,Massive stadium homecoming concert tour at the Rogers Centre.,Concert,2022-09-22,19:00:00,2022-09-22,11:30:00 PM,No,Yes,rogerscentre.com,info@rogerscentre.com,+1 416-341-1000,Rogers Centre,43.6414,-79.3894,50000,50000
Nuit Blanche Toronto,Nuit Blanche Day 1,City-wide all-night contemporary art celebration.,Arts / Culture,2022-10-01,19:00:00,2022-10-02,7:00:00 AM,Yes,Yes,toronto.ca/nuitblanche,nuitblanche@toronto.ca,+1 416-338-0338,Citywide,43.6532,-79.3832,1200000,1200000
Toronto Maple Leafs Opener,Maple Leafs Day 1,NHL regular season home opener at Scotiabank Arena.,Sports,2022-10-13,19:30:00,2022-10-13,10:30:00 PM,No,Yes,nhl.com/leafs,fanservices@mlse.com,+1 416-815-5500,Scotiabank Arena,43.6435,-79.3791,19000,19000
Toronto Waterfront Marathon,Marathon Day 1,Elite international marathon through downtown and waterfront.,Sports / Fitness,2022-10-16,8:00:00,2022-10-16,3:00:00 PM,No,Yes,torontowaterfrontmarathon.com,info@runwaterfront.com,+1 416-944-2765,Downtown Toronto,43.6532,-79.3832,25000,25000
Royal Agricultural Winter Fair,The Royal Day 1,The world's largest combined indoor agricultural and equestrian event.,Agricultural / Fair,2022-11-04,9:00:00 AM,2022-11-04,9:00:00 PM,No,Yes,royalfair.org,info@royalfair.org,+1 416-263-3400,Exhibition Place,43.6328,-79.4116,300000,30000
Royal Agricultural Winter Fair,The Royal Day 2,The world's largest combined indoor agricultural and equestrian event.,Agricultural / Fair,2022-11-05,9:00:00 AM,2022-11-05,9:00:00 PM,No,Yes,royalfair.org,info@royalfair.org,+1 416-263-3400,Exhibition Place,43.6328,-79.4116,300000,30000
Royal Agricultural Winter Fair,The Royal Day 3,The world's largest combined indoor agricultural and equestrian event.,Agricultural / Fair,2022-11-06,9:00:00 AM,2022-11-06,9:00:00 PM,No,Yes,royalfair.org,info@royalfair.org,+1 416-263-3400,Exhibition Place,43.6328,-79.4116,300000,30000
Royal Agricultural Winter Fair,The Royal Day 4,The world's largest combined indoor agricultural and equestrian event.,Agricultural / Fair,2022-11-07,9:00:00 AM,2022-11-07,9:00:00 PM,No,Yes,royalfair.org,info@royalfair.org,+1 416-263-3400,Exhibition Place,43.6328,-79.4116,300000,30000
Royal Agricultural Winter Fair,The Royal Day 5,The world's largest combined indoor agricultural and equestrian event.,Agricultural / Fair,2022-11-08,9:00:00 AM,2022-11-08,9:00:00 PM,No,Yes,royalfair.org,info@royalfair.org,+1 416-263-3400,Exhibition Place,43.6328,-79.4116,300000,30000
Royal Agricultural Winter Fair,The Royal Day 6,The world's largest combined indoor agricultural and equestrian event.,Agricultural / Fair,2022-11-09,9:00:00 AM,2022-11-09,9:00:00 PM,No,Yes,royalfair.org,info@royalfair.org,+1 416-263-3400,Exhibition Place,43.6328,-79.4116,300000,30000
Royal Agricultural Winter Fair,The Royal Day 7,The world's largest combined indoor agricultural and equestrian event.,Agricultural / Fair,2022-11-10,9:00:00 AM,2022-11-10,9:00:00 PM,No,Yes,royalfair.org,info@royalfair.org,+1 416-263-3400,Exhibition Place,43.6328,-79.4116,300000,30000
Royal Agricultural Winter Fair,The Royal Day 8,The world's largest combined indoor agricultural and equestrian event.,Agricultural / Fair,2022-11-11,9:00:00 AM,2022-11-11,9:00:00 PM,No,Yes,royalfair.org,info@royalfair.org,+1 416-263-3400,Exhibition Place,43.6328,-79.4116,300000,30000
Royal Agricultural Winter Fair,The Royal Day 9,The world's largest combined indoor agricultural and equestrian event.,Agricultural / Fair,2022-11-12,9:00:00 AM,2022-11-12,9:00:00 PM,No,Yes,royalfair.org,info@royalfair.org,+1 416-263-3400,Exhibition Place,43.6328,-79.4116,300000,30000
Royal Agricultural Winter Fair,The Royal Day 10,The world's largest combined indoor agricultural and equestrian event.,Agricultural / Fair,2022-11-13,9:00:00 AM,2022-11-13,6:00:00 PM,No,Yes,royalfair.org,info@royalfair.org,+1 416-263-3400,Exhibition Place,43.6328,-79.4116,300000,30000
The Original Santa Claus Parade,Santa Parade Day 1,Longest-running children's parade in North America.,Parade / Holiday,2022-11-20,12:30:00,2022-11-20,4:00:00 PM,Yes,Yes,thesantaclausparade.com,info@thesantaclausparade.com,+1 416-599-9909,Downtown Toronto,43.6532,-79.3832,500000,500000
Kensington Market Winter Solstice,Solstice Day 1,Neighborhood parade with fire performances.,Community / Parade,2022-12-21,6:00:00 PM,2022-12-21,9:00:00 PM,Yes,Yes,redpepperspectacle.com,redpepper@gmail.com,+1 416-504-6912,Kensington Market,43.6547,-79.4007,10000,10000
New Year's Eve at NPS,NYE Toronto,Countdown to the New Year with music and fireworks.,Holiday / Festival,2022-12-31,19:00:00,2023-01-01,12:30:00 AM,Yes,Yes,toronto.ca/nye,spev@toronto.ca,+1 416-338-0338,Nathan Phillips Square,43.6535,-79.3839,100000,100000
Toronto Boat Show,Boat Show Day 1,North America's largest indoor boat show.,Exhibition,2023-01-20,10:00:00 AM,2023-01-20,8:00:00 PM,No,Yes,torontoboatshow.com,info@torontoboatshow.com,+1 905-951-0005,Enercare Centre,43.6334,-79.4124,75000,7500
Toronto Boat Show,Boat Show Day 2,North America's largest indoor boat show.,Exhibition,2023-01-21,10:00:00 AM,2023-01-21,8:00:00 PM,No,Yes,torontoboatshow.com,info@torontoboatshow.com,+1 905-951-0005,Enercare Centre,43.6334,-79.4124,75000,7500
Toronto Boat Show,Boat Show Day 3,North America's largest indoor boat show.,Exhibition,2023-01-22,10:00:00 AM,2023-01-22,6:00:00 PM,No,Yes,torontoboatshow.com,info@torontoboatshow.com,+1 905-951-0005,Enercare Centre,43.6334,-79.4124,75000,7500
Toronto Boat Show,Boat Show Day 4,North America's largest indoor boat show.,Exhibition,2023-01-23,11:00:00 AM,2023-01-23,7:00:00 PM,No,Yes,torontoboatshow.com,info@torontoboatshow.com,+1 905-951-0005,Enercare Centre,43.6334,-79.4124,75000,7500
Toronto Boat Show,Boat Show Day 5,North America's largest indoor boat show.,Exhibition,2023-01-24,11:00:00 AM,2023-01-24,7:00:00 PM,No,Yes,torontoboatshow.com,info@torontoboatshow.com,+1 905-951-0005,Enercare Centre,43.6334,-79.4124,75000,7500
Toronto Boat Show,Boat Show Day 6,North America's largest indoor boat show.,Exhibition,2023-01-25,11:00:00 AM,2023-01-25,7:00:00 PM,No,Yes,torontoboatshow.com,info@torontoboatshow.com,+1 905-951-0005,Enercare Centre,43.6334,-79.4124,75000,7500
Toronto Boat Show,Boat Show Day 7,North America's largest indoor boat show.,Exhibition,2023-01-26,11:00:00 AM,2023-01-26,7:00:00 PM,No,Yes,torontoboatshow.com,info@torontoboatshow.com,+1 905-951-0005,Enercare Centre,43.6334,-79.4124,75000,7500
Toronto Boat Show,Boat Show Day 8,North America's largest indoor boat show.,Exhibition,2023-01-27,11:00:00 AM,2023-01-27,8:00:00 PM,No,Yes,torontoboatshow.com,info@torontoboatshow.com,+1 905-951-0005,Enercare Centre,43.6334,-79.4124,75000,7500
Toronto Boat Show,Boat Show Day 9,North America's largest indoor boat show.,Exhibition,2023-01-28,10:00:00 AM,2023-01-28,8:00:00 PM,No,Yes,torontoboatshow.com,info@torontoboatshow.com,+1 905-951-0005,Enercare Centre,43.6334,-79.4124,75000,7500
Toronto Boat Show,Boat Show Day 10,North America's largest indoor boat show.,Exhibition,2023-01-29,10:00:00 AM,2023-01-29,5:00:00 PM,No,Yes,torontoboatshow.com,info@torontoboatshow.com,+1 905-951-0005,Enercare Centre,43.6334,-79.4124,75000,7500
Winterlicious,Winterlicious Day 1,City-wide culinary celebration with prix-fixe menus.,Food / Festival,2023-01-27,11:00:00 AM,2023-01-27,10:00:00 PM,No,Yes,toronto.ca/winterlicious,winterlicious@toronto.ca,+1 416-338-0338,Citywide,43.648,-79.381,250000,17857
AutoShow (CIAS),AutoShow Day 1,Canadian International AutoShow - Mobility reimagined.,Exhibition,2023-02-17,10:30:00 AM,2023-02-17,10:00:00 PM,No,Yes,autoshow.ca,info@autoshow.ca,+1 905-940-2800,MTCC,43.6444,-79.3854,350000,35000
AutoShow (CIAS),AutoShow Day 2,Canadian International AutoShow - Mobility reimagined.,Exhibition,2023-02-18,10:30:00 AM,2023-02-18,10:00:00 PM,No,Yes,autoshow.ca,info@autoshow.ca,+1 905-940-2800,MTCC,43.6444,-79.3854,350000,35000
Toronto Comic Con,Comic Con Day 1,Celebration of pop culture and sci-fi.,Convention,2023-03-17,10:00:00 AM,2023-03-17,7:00:00 PM,No,Yes,fanexpohq.com,info@fanexpo.com,+1 416-585-8000,MTCC,43.6441,-79.3879,35000,11666
Toronto Comic Con,Comic Con Day 2,Celebration of pop culture and sci-fi.,Convention,2023-03-18,10:00:00 AM,2023-03-18,7:00:00 PM,No,Yes,fanexpohq.com,info@fanexpo.com,+1 416-585-8000,MTCC,43.6441,-79.3879,35000,11666
Toronto Comic Con,Comic Con Day 3,Celebration of pop culture and sci-fi.,Convention,2023-03-19,10:00:00 AM,2023-03-19,5:00:00 PM,No,Yes,fanexpohq.com,info@fanexpo.com,+1 416-585-8000,MTCC,43.6441,-79.3879,35000,11666
St. Patrick's Day Parade,St. Patrick's Day,Annual celebration of Irish culture.,Parade,2023-03-19,12:00:00 PM,2023-03-19,3:00:00 PM,Yes,Yes,stpatrickstoronto.com,info@stpatrickstoronto.com,+1 416-996-8431,Yonge Street,43.6673,-79.3994,300000,300000
Blue Jays Home Opener,Jays Opener 2023,Opening game against Detroit Tigers.,Sports,2023-04-11,7:00:00 PM,2023-04-11,10:30:00 PM,No,Yes,mlb.com/bluejays,fanfeedback@bluejays.com,+1 416-341-1000,Rogers Centre,43.6414,-79.3894,42000,42000
Hot Docs Festival,Hot Docs Day 1,International documentary film festival.,Arts / Cinema,2023-04-27,9:00:00 AM,2023-04-27,11:00:00 PM,No,Yes,hotdocs.ca,info@hotdocs.ca,+1 416-203-2155,Bloor Cinema,43.6659,-79.4101,200000,18181
Hot Docs Festival,Hot Docs Day 2,International documentary film festival.,Arts / Cinema,2023-04-28,9:00:00 AM,2023-04-28,11:00:00 PM,No,Yes,hotdocs.ca,info@hotdocs.ca,+1 416-203-2155,Bloor Cinema,43.6659,-79.4101,200000,18181
Contact Photography,Contact Day 1,Month-long photography festival.,Arts / Culture,2023-05-01,10:00:00 AM,2023-05-01,6:00:00 PM,Yes,Yes,scotiabankcontactphoto.com,info@contactphoto.com,+1 416-539-9595,Citywide,43.645,-79.395,1000000,33333
Sporting Life 10K,Sporting Life Run,Major run benefiting Campfire Circle.,Sports,2023-05-14,7:30:00 AM,2023-05-14,1:00:00 PM,No,Yes,sportinglife10k.ca,info@campfirecircle.org,+1 416-944-2765,Yonge Street,43.6978,-79.397,20000,20000
Doors Open Toronto,Doors Open Day 1,Architectural history event.,History,2023-05-27,10:00:00 AM,2023-05-27,5:00:00 PM,Yes,Yes,toronto.ca/doorsopen,doorsopen@toronto.ca,+1 416-338-0338,Citywide,43.6534,-79.3841,200000,100000
Doors Open Toronto,Doors Open Day 2,Architectural history event.,History,2023-05-28,10:00:00 AM,2023-05-28,5:00:00 PM,Yes,Yes,toronto.ca/doorsopen,doorsopen@toronto.ca,+1 416-338-0338,Citywide,43.6534,-79.3841,200000,100000
Luminato,Luminato Day 1,International festival of arts and ideas.,Arts / Culture,2023-06-07,10:00:00 AM,2023-06-07,11:00:00 PM,Yes,Yes,luminatofestival.com,info@luminato.com,+1 416-368-3745,Citywide,43.6475,-79.388,250000,25000
Pride Toronto Festival,Pride Toronto Day 1,Massive celebration of 2SLGBTQ+ communities.,Community,2023-06-23,10:00:00 AM,2023-06-23,11:00:00 PM,Yes,Yes,pridetoronto.com,office@pridetoronto.com,+1 416-927-7433,Church-Wellesley Village,43.6656,-79.3809,2500000,833333
Pride Toronto Festival,Pride Toronto Day 2,Massive celebration of 2SLGBTQ+ communities.,Community,2023-06-24,10:00:00 AM,2023-06-24,11:00:00 PM,Yes,Yes,pridetoronto.com,office@pridetoronto.com,+1 416-927-7433,Church-Wellesley Village,43.6656,-79.3809,2500000,833333
Pride Toronto Festival,Pride Toronto Day 3,The main Pride Parade and closing rallies.,Community,2023-06-25,10:00:00 AM,2023-06-25,11:00:00 PM,Yes,Yes,pridetoronto.com,office@pridetoronto.com,+1 416-927-7433,Church-Wellesley Village,43.6656,-79.3809,2500000,833333
Toronto Jazz Festival,Jazz Fest Day 1,International jazz festival in Bloor-Yorkville.,Music Festival,2023-06-23,12:00:00 PM,2023-06-23,11:00:00 PM,Yes,Yes,torontojazz.com,info@torontojazz.com,+1 416-928-2033,Yorkville,43.6702,-79.3912,500000,50000
Canada Day at NPS,Canada Day 2023,National holiday celebrations with fireworks.,Holiday,2023-07-01,12:00:00 PM,2023-07-01,11:00:00 PM,Yes,Yes,toronto.ca,spev@toronto.ca,+1 416-338-0338,Nathan Phillips Square,43.6535,-79.3839,100000,100000
Salsa on St. Clair,Salsa Day 1,Canada's largest Latino-themed street festival.,Festival / Dance,2023-07-08,12:00:00 PM,2023-07-08,10:00:00 PM,Yes,Yes,salsaintoronto.com,info@salsaintoronto.com,+1 416-744-5732,St. Clair Ave West,43.6781,-79.4312,350000,175000
Salsa on St. Clair,Salsa Day 2,Canada's largest Latino-themed street festival.,Festival / Dance,2023-07-09,12:00:00 PM,2023-07-09,9:00:00 PM,Yes,Yes,salsaintoronto.com,info@salsaintoronto.com,+1 416-744-5732,St. Clair Ave West,43.6781,-79.4312,350000,175000
Honda Indy Toronto,Honda Indy Day 1,IndyCar Series racing at Exhibition Place.,Sports / Racing,2023-07-14,8:00:00 AM,2023-07-14,6:00:00 PM,No,Yes,hondaindy.com,info@hondaindy.com,+1 416-588-7223,Exhibition Place,43.6328,-79.4116,150000,50000
Honda Indy Toronto,Honda Indy Day 2,IndyCar Series racing at Exhibition Place.,Sports / Racing,2023-07-15,8:00:00 AM,2023-07-15,6:00:00 PM,No,Yes,hondaindy.com,info@hondaindy.com,+1 416-588-7223,Exhibition Place,43.6328,-79.4116,150000,50000
Honda Indy Toronto,Honda Indy Day 3,IndyCar Series racing at Exhibition Place.,Sports / Racing,2023-07-16,8:00:00 AM,2023-07-16,6:00:00 PM,No,Yes,hondaindy.com,info@hondaindy.com,+1 416-588-7223,Exhibition Place,43.6328,-79.4116,150000,50000
Toronto Caribbean Carnival,Caribana Day 1,Cultural celebration of Caribbean heritage.,Festival / Culture,2023-08-03,9:00:00 AM,2023-08-03,10:00:00 PM,Yes,Yes,torontocarnival.ca,info@torontocarnival.ca,+1 416-391-5608,Various Locations,43.63,-79.412,1200000,300000
Toronto Caribbean Carnival,Caribana Day 2,Cultural celebration of Caribbean heritage.,Festival / Culture,2023-08-04,9:00:00 AM,2023-08-04,11:00:00 PM,Yes,Yes,torontocarnival.ca,info@torontocarnival.ca,+1 416-391-5608,Various Locations,43.63,-79.412,1200000,300000
Toronto Caribbean Carnival,Caribana Day 3,The Grand Parade at Exhibition Place.,Festival / Culture,2023-08-05,8:00:00 AM,2023-08-05,10:00:00 PM,Yes,Yes,torontocarnival.ca,info@torontocarnival.ca,+1 416-391-5608,Exhibition Place,43.6328,-79.4116,1200000,300000
Toronto Caribbean Carnival,Caribana Day 4,Cultural celebration of Caribbean heritage.,Festival / Culture,2023-08-06,10:00:00 AM,2023-08-06,8:00:00 PM,Yes,Yes,torontocarnival.ca,info@torontocarnival.ca,+1 416-391-5608,Various Locations,43.63,-79.412,1200000,300000
Veld Music Festival,Veld Day 1,EDM and Hip-Hop festival at Downsview Park.,Music Festival,2023-08-04,1:00:00 PM,2023-08-04,11:00:00 PM,No,Yes,veldmusicfestival.com,info@inkentertainment.com,+1 416-869-9444,Downsview Park,43.7374,-79.4795,90000,30000
Veld Music Festival,Veld Day 2,EDM and Hip-Hop festival at Downsview Park.,Music Festival,2023-08-05,1:00:00 PM,2023-08-05,11:00:00 PM,No,Yes,veldmusicfestival.com,info@inkentertainment.com,+1 416-869-9444,Downsview Park,43.7374,-79.4795,90000,30000
Veld Music Festival,Veld Day 3,EDM and Hip-Hop festival at Downsview Park.,Music Festival,2023-08-06,1:00:00 PM,2023-08-06,11:00:00 PM,No,Yes,veldmusicfestival.com,info@inkentertainment.com,+1 416-869-9444,Downsview Park,43.7374,-79.4795,90000,30000
National Bank Open,Tennis Open Day 1,Premier professional tennis tournament (WTA).,Sports,2023-08-07,11:00:00 AM,2023-08-07,10:00:00 PM,No,Yes,nationalbankopen.com,info@tenniscanada.com,+1 416-665-9777,Sobeys Stadium,43.7715,-79.5103,150000,18750
National Bank Open,Tennis Open Day 2,Premier professional tennis tournament (WTA).,Sports,2023-08-08,11:00:00 AM,2023-08-08,10:00:00 PM,No,Yes,nationalbankopen.com,info@tenniscanada.com,+1 416-665-9777,Sobeys Stadium,43.7715,-79.5103,150000,18750
Canadian National Exhibition,CNE Day 1,Canada's largest annual community event.,Fair,2023-08-18,10:00:00 AM,2023-08-18,11:59:00 PM,No,Yes,theex.com,info@theex.com,+1 416-263-3800,Exhibition Place,43.6328,-79.4116,1600000,88888
Canadian National Exhibition,CNE Day 2,Canada's largest annual community event.,Fair,2023-08-19,10:00:00 AM,2023-08-19,11:59:00 PM,No,Yes,theex.com,info@theex.com,+1 416-263-3800,Exhibition Place,43.6328,-79.4116,1600000,88888
Fan Expo Canada,Fan Expo Day 1,Largest pop culture event in Canada.,Convention,2023-08-24,4:00:00 PM,2023-08-24,9:00:00 PM,No,Yes,fanexpocanada.com,info@fanexpo.com,+1 416-585-8000,MTCC,43.6444,-79.3854,135000,33750
Fan Expo Canada,Fan Expo Day 2,Largest pop culture event in Canada.,Convention,2023-08-25,10:00:00 AM,2023-08-25,7:00:00 PM,No,Yes,fanexpocanada.com,info@fanexpo.com,+1 416-585-8000,MTCC,43.6444,-79.3854,135000,33750
Toronto Int. Film Festival,TIFF Day 1,World-renowned public film festival.,Arts / Cinema,2023-09-07,9:00:00 AM,2023-09-07,11:59:00 PM,No,Yes,tiff.net,customerrelations@tiff.net,+1 416-599-2033,TIFF Bell Lightbox,43.6464,-79.3905,450000,40909
Toronto Int. Film Festival,TIFF Day 2,World-renowned public film festival.,Arts / Cinema,2023-09-08,9:00:00 AM,2023-09-08,11:59:00 PM,No,Yes,tiff.net,customerrelations@tiff.net,+1 416-599-2033,TIFF Bell Lightbox,43.6464,-79.3905,450000,40909
Nuit Blanche Toronto,Nuit Blanche Day 1,All-night city-wide contemporary art event.,Arts,2023-09-23,7:00:00 PM,2023-09-24,7:00:00 AM,Yes,Yes,toronto.ca/nuitblanche,nuitblanche@toronto.ca,+1 416-338-0338,Citywide,43.6532,-79.3832,1000000,1000000
Maple Leafs Opener,Leafs Home Opener,First home game against Montreal Canadiens.,Sports,2023-10-11,7:00:00 PM,2023-10-11,10:00:00 PM,No,Yes,nhl.com/leafs,fanservices@mlse.com,+1 416-815-5500,Scotiabank Arena,43.6435,-79.3791,19000,19000
Toronto Waterfront Marathon,Marathon Day 1,Elite city marathon and charity run.,Sports,2023-10-15,8:00:00 AM,2023-10-15,3:00:00 PM,No,Yes,torontowaterfrontmarathon.com,info@runwaterfront.com,+1 416-944-2765,Downtown,43.6486,-79.3853,25000,25000
Royal Agricultural Winter Fair,The Royal Day 1,World's largest indoor agricultural fair.,Exhibition,2023-11-03,9:00:00 AM,2023-11-03,9:00:00 PM,No,Yes,royalfair.org,info@royalfair.org,+1 416-263-3400,Exhibition Place,43.6328,-79.4116,300000,30000
Distillery Winter Village,Winter Village Day 1,Traditional holiday market and tree lighting.,Holiday,2023-11-16,10:00:00 AM,2023-11-16,9:00:00 PM,No,Yes,thedistillerywintervillage.com,info@thedistillery.ca,+1 416-364-1177,Distillery District,43.6503,-79.3596,600000,15000
Santa Claus Parade,Santa Parade 2023,Annual holiday parade through downtown.,Parade,2023-11-26,12:30:00 PM,2023-11-26,4:00:00 PM,Yes,Yes,thesantaclausparade.com,info@thesantaclausparade.com,+1 416-599-9909,Bloor St,43.6639,-79.418,750000,750000
Cavalcade of Lights,Cavalcade Day 1,Holiday celebration at City Hall.,Holiday,2023-11-25,3:00:00 PM,2023-11-25,11:00:00 PM,Yes,Yes,toronto.ca,spev@toronto.ca,+1 416-338-0338,Nathan Phillips Square,43.6535,-79.3839,50000,50000
New Year's Eve,NYE 2023,Closing the year with fireworks at the harbor.,Holiday,2023-12-31,7:00:00 PM,2024-01-01,12:30:00 AM,Yes,Yes,toronto.ca,spev@toronto.ca,+1 416-338-0338,Waterfront,43.6535,-79.3841,150000,150000
Taste of the Danforth,Danforth Day 1,Canada's largest Greek food and culture festival.,Food / Festival,2023-08-11,6:00:00 PM,2023-08-11,11:59:00 PM,Yes,Yes,tasteofthedanforth.com,info@greektowntoronto.com,+1 416-469-5621,Danforth Avenue,43.679,-79.345,1600000,533333
Taste of the Danforth,Danforth Day 2,Canada's largest Greek food and culture festival.,Food / Festival,2023-08-12,12:00:00 PM,2023-08-12,11:59:00 PM,Yes,Yes,tasteofthedanforth.com,info@greektowntoronto.com,+1 416-469-5621,Danforth Avenue,43.679,-79.345,1600000,533333
Taste of the Danforth,Danforth Day 3,Canada's largest Greek food and culture festival.,Food / Festival,2023-08-13,12:00:00 PM,2023-08-13,10:00:00 PM,Yes,Yes,tasteofthedanforth.com,info@greektowntoronto.com,+1 416-469-5621,Danforth Avenue,43.679,-79.345,1600000,533333
Ed Sheeran: Mathematics Tour,Ed Sheeran Day 1,Record-breaking concert at the Rogers Centre.,Concert,2023-06-17,6:00:00 PM,2023-06-17,11:00:00 PM,No,Yes,rogerscentre.com,info@rogerscentre.com,+1 416-341-1000,Rogers Centre,43.6414,-79.3894,50000,50000
Ed Sheeran: Mathematics Tour,Ed Sheeran Day 2,Record-breaking concert at the Rogers Centre.,Concert,2023-06-18,6:00:00 PM,2023-06-18,11:00:00 PM,No,Yes,rogerscentre.com,info@rogerscentre.com,+1 416-341-1000,Rogers Centre,43.6414,-79.3894,50000,50000
Toronto Fringe Festival,Fringe Day 1,Unjuried theater and performance art festival.,Arts / Theater,2023-07-05,12:00:00 PM,2023-07-05,11:00:00 PM,No,Yes,fringetoronto.com,info@fringetoronto.com,+1 416-966-1062,Various Venues,43.6644,-79.4082,150000,12500
Toronto Fringe Festival,Fringe Day 2,Unjuried theater and performance art festival.,Arts / Theater,2023-07-06,12:00:00 PM,2023-07-06,11:00:00 PM,No,Yes,fringetoronto.com,info@fringetoronto.com,+1 416-966-1062,Various Venues,43.6644,-79.4082,150000,12500
Budweiser Stage: Post Malone,Post Malone Day 1,Sold out outdoor concert at the waterfront.,Concert,2023-07-19,7:00:00 PM,2023-07-19,11:00:00 PM,No,Yes,livenation.com,info@livenation.com,+1 416-263-5200,Budweiser Stage,43.6295,-79.4153,16000,16000
Budweiser Stage: Post Malone,Post Malone Day 2,Sold out outdoor concert at the waterfront.,Concert,2023-07-20,7:00:00 PM,2023-07-20,11:00:00 PM,No,Yes,livenation.com,info@livenation.com,+1 416-263-5200,Budweiser Stage,43.6295,-79.4153,16000,16000
ActiveTO Midtown,ActiveTO June,Street closure for active transportation and biking.,Sports,2023-06-11,7:00:00 AM,2023-06-11,7:00:00 PM,Yes,Yes,toronto.ca/activeto,activeto@toronto.ca,+1 416-338-0338,Yonge St (Midtown),43.688,-79.395,15000,15000
JerkFest Toronto,JerkFest Day 1,Celebration of Caribbean cuisine and music.,Food / Festival,2023-08-11,5:00:00 PM,2023-08-11,10:00:00 PM,No,Yes,jerkfestival.ca,info@jerkfestival.ca,+1 416-394-8750,Centennial Park,43.6504,-79.5878,60000,20000
JerkFest Toronto,JerkFest Day 2,Celebration of Caribbean cuisine and music.,Food / Festival,2023-08-12,11:00:00 AM,2023-08-12,10:00:00 PM,No,Yes,jerkfestival.ca,info@jerkfestival.ca,+1 416-394-8750,Centennial Park,43.6504,-79.5878,60000,20000
JerkFest Toronto,JerkFest Day 3,Celebration of Caribbean cuisine and music.,Food / Festival,2023-08-13,11:00:00 AM,2023-08-13,10:00:00 PM,No,Yes,jerkfestival.ca,info@jerkfestival.ca,+1 416-394-8750,Centennial Park,43.6504,-79.5878,60000,20000
Toronto Comic Arts Festival,TCAF Day 1,International celebration of comics and graphic novels.,Arts / Literacy,2023-04-28,9:00:00 AM,2023-04-28,6:00:00 PM,Yes,Yes,torontocomics.com,info@torontocomics.com,+1 416-533-6300,Toronto Public Library,43.6718,-79.3867,30000,10000
Toronto Comic Arts Festival,TCAF Day 2,International celebration of comics and graphic novels.,Arts / Literacy,2023-04-29,9:00:00 AM,2023-04-29,6:00:00 PM,Yes,Yes,torontocomics.com,info@torontocomics.com,+1 416-533-6300,Toronto Public Library,43.6718,-79.3867,30000,10000
Toronto Comic Arts Festival,TCAF Day 3,International celebration of comics and graphic novels.,Arts / Literacy,2023-04-30,10:00:00 AM,2023-04-30,5:00:00 PM,Yes,Yes,torontocomics.com,info@torontocomics.com,+1 416-533-6300,Toronto Public Library,43.6718,-79.3867,30000,10000
Toronto Waterfront Night Market,WNM Day 1,Night festival with food and floating lanterns.,Food / Festival,2023-08-11,6:00:00 PM,2023-08-11,11:59:00 PM,No,Yes,waterfrontnightmarket.com,info@wnm.ca,+1 647-812-7065,Stanley Barracks,43.6366,-79.4124,120000,40000
Taste of Little Italy,Little Italy Day 1,Neighborhood food festival on College St.,Food / Festival,2023-06-16,7:00:00 PM,2023-06-16,11:59:00 PM,Yes,Yes,tolittleitaly.com,info@tolittleitaly.com,+1 416-546-4036,College Street,43.6554,-79.4132,200000,66666
Taste of Little Italy,Little Italy Day 2,Neighborhood food festival on College St.,Food / Festival,2023-06-17,11:00:00 AM,2023-06-17,11:59:00 PM,Yes,Yes,tolittleitaly.com,info@tolittleitaly.com,+1 416-546-4036,College Street,43.6554,-79.4132,200000,66666
Taste of Little Italy,Little Italy Day 3,Neighborhood food festival on College St.,Food / Festival,2023-06-18,11:00:00 AM,2023-06-18,10:00:00 PM,Yes,Yes,tolittleitaly.com,info@tolittleitaly.com,+1 416-546-4036,College Street,43.6554,-79.4132,200000,66666
Do West Fest,Do West Day 1,Community street festival on Dundas West.,Community,2023-06-09,6:00:00 PM,2023-06-09,11:00:00 PM,Yes,Yes,dowestfest.ca,info@dowestfest.ca,+1 416-533-3537,Dundas Street West,43.6501,-79.4345,250000,83333
Do West Fest,Do West Day 2,Community street festival on Dundas West.,Community,2023-06-10,11:00:00 AM,2023-06-10,11:00:00 PM,Yes,Yes,dowestfest.ca,info@dowestfest.ca,+1 416-533-3537,Dundas Street West,43.6501,-79.4345,250000,83333
Do West Fest,Do West Day 3,Community street festival on Dundas West.,Community,2023-06-11,11:00:00 AM,2023-06-11,10:00:00 PM,Yes,Yes,dowestfest.ca,info@dowestfest.ca,+1 416-533-3537,Dundas Street West,43.6501,-79.4345,250000,83333
Toronto Rock Home Opener,Toronto Rock Day 1,Professional box lacrosse home opener.,Sports,2023-12-09,7:00:00 PM,2023-12-09,9:30:00 PM,No,Yes,torontorock.com,info@torontorock.com,+1 416-596-3075,FirstOntario Centre,43.6435,-79.3791,10000,10000
Toronto Flower Show,Flower Show Day 1,Part of the Canada Blooms celebration.,Exhibition,2023-03-10,10:00:00 AM,2023-03-10,8:00:00 PM,No,Yes,canadablooms.com,info@canadablooms.com,+1 416-447-8655,Enercare Centre,43.6334,-79.4124,150000,15000
Aga Khan Museum: Duende,Duende Day 1,World music and dance festival.,Arts / Culture,2023-11-16,10:00:00 AM,2023-11-16,9:00:00 PM,No,Yes,agakhanmuseum.org,info@agakhanmuseum.org,+1 416-646-4677,Aga Khan Museum,43.7253,-79.3322,5000,1250
Street Eats Market,Street Eats Day 1,Largest food truck festival in Ontario.,Food / Festival,2023-05-20,12:00:00 PM,2023-05-20,8:00:00 PM,Yes,Yes,streeteatsmarket.com,info@streeteatsmarket.com,+1 416-123-4567,Scarborough Town Centre,43.7755,-79.2577,40000,20000
Indie88’s 10th Birthday,Indie88 Bash 2023,Major local music anniversary concert.,Concert,2023-09-15,7:00:00 PM,2023-09-15,1:00:00 AM,No,Yes,indie88.com,info@indie88.com,+1 416-588-0881,History (Venue),43.6664,-79.3131,2500,2500
Toronto Waterfront Festival,Waterfront Fest Day 1,Featuring the return of the Giant Rubber Duck.,Festival,2023-09-16,11:00:00 AM,2023-09-16,8:00:00 PM,Yes,Yes,towaterfrontfest.com,info@towaterfrontfest.com,+1 416-644-1744,Sugar Beach,43.6437,-79.3673,100000,50000
Toronto Waterfront Festival,Waterfront Fest Day 2,Featuring the return of the Giant Rubber Duck.,Festival,2023-09-17,11:00:00 AM,2023-09-17,6:00:00 PM,Yes,Yes,towaterfrontfest.com,info@towaterfrontfest.com,+1 416-644-1744,Sugar Beach,43.6437,-79.3673,100000,50000
Rogers Cup (National Bank Open),Tennis Day 1,World-class professional tennis tournament (ATP/WTA).,Sports,2023-08-07,11:00:00 AM,2023-08-07,10:00:00 PM,No,Yes,nationalbankopen.com,info@tenniscanada.com,+1 416-665-9777,Sobeys Stadium,43.7715,-79.5103,150000,18750
Rogers Cup (National Bank Open),Tennis Day 2,World-class professional tennis tournament (ATP/WTA).,Sports,2023-08-08,11:00:00 AM,2023-08-08,10:00:00 PM,No,Yes,nationalbankopen.com,info@tenniscanada.com,+1 416-665-9777,Sobeys Stadium,43.7715,-79.5103,150000,18750
TIFF (Toronto Int. Film Festival),TIFF Day 3,Global cinematic event with world premieres.,Arts / Cinema,2023-09-09,9:00:00 AM,2023-09-09,11:59:00 PM,No,Yes,tiff.net,customerrelations@tiff.net,+1 416-599-2033,TIFF Bell Lightbox,43.6464,-79.3905,450000,40909
TIFF (Toronto Int. Film Festival),TIFF Day 4,Global cinematic event with world premieres.,Arts / Cinema,2023-09-10,9:00:00 AM,2023-09-10,11:59:00 PM,No,Yes,tiff.net,customerrelations@tiff.net,+1 416-599-2033,TIFF Bell Lightbox,43.6464,-79.3905,450000,40909
CNE (The Ex),CNE Day 3,Canada's largest annual fair and carnival.,Fair,2023-08-20,10:00:00 AM,2023-08-20,11:59:00 PM,No,Yes,theex.com,info@theex.com,+1 416-263-3800,Exhibition Place,43.6328,-79.4116,1600000,88888
CNE (The Ex),CNE Day 4,Canada's largest annual fair and carnival.,Fair,2023-08-21,10:00:00 AM,2023-08-21,11:59:00 PM,No,Yes,theex.com,info@theex.com,+1 416-263-3800,Exhibition Place,43.6328,-79.4116,1600000,88888
Taylor Swift: The Eras Tour,Taylor Swift Day 1,Highly anticipated stadium concert event.,Concert,2023-11-14,7:00:00 PM,2023-11-14,11:30:00 PM,No,Yes,rogerscentre.com,info@rogerscentre.com,+1 416-341-1000,Rogers Centre,43.6414,-79.3894,50000,50000
Taylor Swift: The Eras Tour,Taylor Swift Day 2,Highly anticipated stadium concert event.,Concert,2023-11-15,7:00:00 PM,2023-11-15,11:30:00 PM,No,Yes,rogerscentre.com,info@rogerscentre.com,+1 416-341-1000,Rogers Centre,43.6414,-79.3894,50000,50000
Toronto FC Home Opener,TFC Opener 2023,Major League Soccer home opener at BMO Field.,Sports,2023-03-11,7:30:00 PM,2023-03-11,10:00:00 PM,No,Yes,torontofc.ca,info@torontofc.ca,+1 416-815-5500,BMO Field,43.6328,-79.4186,30000,30000
Word on the Street,Word Street Day 1,Canada's largest book and magazine festival.,Arts / Literacy,2023-05-27,10:00:00 AM,2023-05-27,6:00:00 PM,Yes,Yes,thewordonthestreet.ca,info@thewordonthestreet.ca,+1 416-504-7241,Queen's Park,43.6635,-79.3924,200000,100000
Word on the Street,Word Street Day 2,Canada's largest book and magazine festival.,Arts / Literacy,2023-05-28,10:00:00 AM,2023-05-28,6:00:00 PM,Yes,Yes,thewordonthestreet.ca,info@thewordonthestreet.ca,+1 416-504-7241,Queen's Park,43.6635,-79.3924,200000,100000
Inside Out Film Festival,Inside Out Day 1,LGBTQ+ international film festival.,Arts / Cinema,2023-05-25,6:00:00 PM,2023-05-25,11:00:00 PM,No,Yes,insideout.ca,info@insideout.ca,+1 416-977-6847,TIFF Bell Lightbox,43.6464,-79.3905,35000,3500
SXM Festival (Toronto Takeover),SXM Day 1,Major electronic music event series.,Music Festival,2023-05-12,9:00:00 PM,2023-05-12,4:00:00 AM,No,Yes,sxmfestival.com,info@sxmfestival.com,+1 416-111-2222,Various Clubs,43.647,-79.395,10000,10000
Beyond Monet,Beyond Monet Day 1,Immersive art experience at the Metro Convention Centre.,Arts / Culture,2023-06-15,10:00:00 AM,2023-06-15,9:00:00 PM,No,Yes,monettoronto.com,info@monettoronto.com,+1 416-585-8000,MTCC,43.6444,-79.3854,100000,1000
TD Festival of South Asia,South Asia Day 1,Cultural festival with food and entertainment.,Festival,2023-07-22,12:00:00 PM,2023-07-22,11:00:00 PM,Yes,Yes,festivalofsouthasia.ca,info@gerrardindiabazaar.com,+1 416-465-8555,Gerrard St,43.6722,-79.3218,200000,100000
TD Festival of South Asia,South Asia Day 2,Cultural festival with food and entertainment.,Festival,2023-07-23,12:00:00 PM,2023-07-23,11:00:00 PM,Yes,Yes,festivalofsouthasia.ca,info@gerrardindiabazaar.com,+1 416-465-8555,Gerrard St,43.6722,-79.3218,200000,100000
Toronto Outdoor Art Fair (TOAF),TOAF 62 Day 1,Canada's longest-running contemporary outdoor art fair.,Arts / Culture,2023-07-07,10:00:00 AM,2023-07-07,7:00:00 PM,Yes,Yes,toaf.ca,info@toaf.ca,+1 416-646-0190,Nathan Phillips Square,43.6535,-79.3839,150000,50000
Toronto Outdoor Art Fair (TOAF),TOAF 62 Day 2,Canada's longest-running contemporary outdoor art fair.,Arts / Culture,2023-07-08,10:00:00 AM,2023-07-08,7:00:00 PM,Yes,Yes,toaf.ca,info@toaf.ca,+1 416-646-0190,Nathan Phillips Square,43.6535,-79.3839,150000,50000
Big on Bloor Festival,Big Bloor Day 1,Pedestrian takeover and arts celebration.,Community,2023-07-15,12:00:00 PM,2023-07-15,11:59:00 PM,Yes,Yes,bigonbloorfestival.com,info@bigonbloor.com,+1 416-645-5600,Bloor St West,43.659,-79.438,100000,50000
Big on Bloor Festival,Big Bloor Day 2,Pedestrian takeover and arts celebration.,Community,2023-07-16,12:00:00 PM,2023-07-16,6:00:00 PM,Yes,Yes,bigonbloorfestival.com,info@bigonbloor.com,+1 416-645-5600,Bloor St West,43.659,-79.438,100000,50000
Taste of South Asia,Taste Asia Day 1,Massive multicultural street festival.,Food / Festival,2023-08-19,12:00:00 PM,2023-08-19,11:00:00 PM,Yes,Yes,tasteofsouthasia.com,info@tasteofsouthasia.com,+1 416-888-9999,Scarborough,43.67,-79.32,100000,50000
Toronto Chinatown Festival,Chinatown Fest Day 1,Celebration of Chinese culture and street food.,Festival,2023-08-19,12:00:00 PM,2023-08-19,11:00:00 PM,Yes,Yes,chinatownbia.com,info@chinatownbia.com,+1 416-263-1200,Spadina Ave,43.653,-79.398,250000,125000
Toronto Chinatown Festival,Chinatown Fest Day 2,Celebration of Chinese culture and street food.,Festival,2023-08-20,11:00:00 AM,2023-08-20,8:00:00 PM,Yes,Yes,chinatownbia.com,info@chinatownbia.com,+1 416-263-1200,Spadina Ave,43.653,-79.398,250000,125000
Elevate Festival,Elevate Day 1,Canada's largest tech and innovation festival.,Convention / Tech,2023-09-26,9:00:00 AM,2023-09-26,6:00:00 PM,No,Yes,elevate.ca,info@elevate.ca,+1 416-555-0199,Design Exchange,43.6478,-79.3802,20000,6666
Elevate Festival,Elevate Day 2,Canada's largest tech and innovation festival.,Convention / Tech,2023-09-27,9:00:00 AM,2023-09-27,6:00:00 PM,No,Yes,elevate.ca,info@elevate.ca,+1 416-555-0199,Design Exchange,43.6478,-79.3802,20000,6666
Elevate Festival,Elevate Day 3,Canada's largest tech and innovation festival.,Convention / Tech,2023-09-28,9:00:00 AM,2023-09-28,6:00:00 PM,No,Yes,elevate.ca,info@elevate.ca,+1 416-555-0199,Design Exchange,43.6478,-79.3802,20000,6666
Art Toronto,Art Toronto Day 1,Canada's international fair for modern and contemporary art.,Arts / Culture,2023-10-27,12:00:00 PM,2023-10-27,8:00:00 PM,No,Yes,arttoronto.ca,info@arttoronto.ca,+1 416-960-5390,MTCC,43.6444,-79.3854,20000,5000
Art Toronto,Art Toronto Day 2,Canada's international fair for modern and contemporary art.,Arts / Culture,2023-10-28,11:00:00 AM,2023-10-28,8:00:00 PM,No,Yes,arttoronto.ca,info@arttoronto.ca,+1 416-960-5390,MTCC,43.6444,-79.3854,20000,5000
One of a Kind Show (Winter),OOAK Day 1,Largest craft and artisan show in North America.,Exhibition,2023-11-23,10:00:00 AM,2023-11-23,9:00:00 PM,No,Yes,oneofakindshow.com,info@oneofakindshow.com,+1 416-960-5312,Enercare Centre,43.6334,-79.4124,200000,18181
One of a Kind Show (Winter),OOAK Day 2,Largest craft and artisan show in North America.,Exhibition,2023-11-24,10:00:00 AM,2023-11-24,9:00:00 PM,No,Yes,oneofakindshow.com,info@oneofakindshow.com,+1 416-960-5312,Enercare Centre,43.6334,-79.4124,200000,18181
Cavalcade of Lights,Cavalcade 2023,Official Christmas tree lighting at City Hall.,Holiday,2023-11-25,3:00:00 PM,2023-11-25,11:00:00 PM,Yes,Yes,toronto.ca,spev@toronto.ca,+1 416-338-0338,Nathan Phillips Square,43.6535,-79.3839,50000,50000
Holiday Fair in the Square,Holiday Fair Day 1,Outdoor holiday market and artisan fair.,Holiday,2023-12-01,4:00:00 PM,2023-12-01,9:00:00 PM,Yes,Yes,fairinthesquare.ca,info@fairinthesquare.ca,+1 416-111-2233,Nathan Phillips Square,43.6535,-79.3839,150000,7500
Toronto Boat Show,Boat Show Day 1,Canada's largest indoor boat and water sports show.,Exhibition,2024-01-19,10:00:00,2024-01-19,8:00:00 PM,No,Yes,torontoboatshow.com,info@torontoboatshow.com,+1 905-951-0005,Enercare Centre,43.6334,-79.4124,80000,8000
Toronto Boat Show,Boat Show Day 2,Canada's largest indoor boat and water sports show.,Exhibition,2024-01-24,10:00:00,2024-01-20,8:00:00 PM,No,Yes,torontoboatshow.com,info@torontoboatshow.com,+1 905-951-0005,Enercare Centre,43.6334,-79.4124,80000,8000
Winterlicious,Winterlicious Day 1,City-wide culinary event with over 200 restaurants.,Food / Festival,2024-01-26,11:00:00,2024-01-26,10:00:00 PM,No,Yes,toronto.ca/winterlicious,winterlicious@toronto.ca,+1 416-338-0338,Citywide,43.648,-79.381,250000,17857
NHL All-Star Weekend,NHL All-Star Day 1,NHL All-Star Thursday featuring player draft.,Sports,2024-02-01,18:00:00,2024-02-01,10:00:00 PM,No,Yes,nhl.com,social@nhl.com,+1 416-815-5500,Scotiabank Arena,43.6435,-79.3791,19000,19000
NHL All-Star Weekend,NHL All-Star Day 2,NHL Skills Competition featuring top stars.,Sports,2024-02-02,19:00:00,2024-02-02,10:00:00 PM,No,Yes,nhl.com,social@nhl.com,+1 416-815-5500,Scotiabank Arena,43.6435,-79.3791,19000,19000
NHL All-Star Weekend,NHL All-Star Day 3,The 2024 NHL All-Star Game.,Sports,2024-02-03,15:00:00,2024-02-03,6:00:00 PM,No,Yes,nhl.com,social@nhl.com,+1 416-815-5500,Scotiabank Arena,43.6435,-79.3791,19000,19000
Canadian Int. AutoShow,AutoShow Day 1,Canada's largest automotive expo.,Exhibition,2024-02-16,10:30:00,2024-02-16,10:00:00 PM,No,Yes,autoshow.ca,info@autoshow.ca,+1 905-940-2800,MTCC,43.6441,-79.3879,370000,37000
Canadian Int. AutoShow,AutoShow Day 2,Canada's largest automotive expo.,Exhibition,2024-02-17,10:30:00,2024-02-17,10:00:00 PM,No,Yes,autoshow.ca,info@autoshow.ca,+1 905-940-2800,MTCC,43.6441,-79.3879,370000,37000
Toronto Comicon,Comicon Day 1,"Large celebration of sci-fi, horror, and anime.",Convention,2024-03-15,10:00:00,2024-03-15,7:00:00 PM,No,Yes,fanexpohq.com,info@fanexpo.com,+1 416-585-8000,MTCC,43.6441,-79.3879,35000,11666
Toronto Comicon,Comicon Day 2,"Large celebration of sci-fi, horror, and anime.",Convention,2024-03-16,10:00:00,2024-03-16,7:00:00 PM,No,Yes,fanexpohq.com,info@fanexpo.com,+1 416-585-8000,MTCC,43.6441,-79.3879,35000,11666
St. Patrick's Parade,St. Patricks 2024,Annual parade celebrating Irish community.,Parade,2024-03-17,12:00:00,2024-03-17,3:00:00 PM,Yes,Yes,stpatrickstoronto.com,info@stpatrickstoronto.com,+1 416-996-8431,Yonge St,43.665,-79.39,300000,300000
One of a Kind Spring,OOAK Spring Day 1,Unique handmade crafts and artisan products.,Exhibition,2024-03-27,10:00:00,2024-03-27,9:00:00 PM,No,Yes,oneofakindshow.com,info@oneofakindshow.com,+1 416-960-5312,Enercare Centre,43.6334,-79.4124,100000,20000
Blue Jays Home Opener,Jays Opener 2024,Home opener vs Seattle Mariners.,Sports,2024-08-04,19:07:00,2024-04-08,10:30:00 PM,No,Yes,mlb.com/bluejays,fanfeedback@bluejays.com,+1 416-341-1000,Rogers Centre,43.6414,-79.3894,40000,40000
Solar Eclipse at NPS,Eclipse 2024,Partial solar eclipse public viewing event.,Special Event,2024-04-08,14:00:00,2024-04-08,4:30:00 PM,Yes,Yes,toronto.ca,spev@toronto.ca,+1 416-338-0338,Nathan Phillips Square,43.6535,-79.3839,20000,20000
Hot Docs Festival,Hot Docs Day 1,International documentary film festival.,Arts / Cinema,2024-04-25,9:00:00,2024-04-25,11:00:00 PM,No,Yes,hotdocs.ca,info@hotdocs.ca,+1 416-203-2155,Bloor Cinema,43.6659,-79.4101,180000,16363
Hot Docs Festival,Hot Docs Day 2,International documentary film festival.,Arts / Cinema,2024-04-26,9:00:00,2024-04-26,11:00:00 PM,No,Yes,hotdocs.ca,info@hotdocs.ca,+1 416-203-2155,Bloor Cinema,43.6659,-79.4101,180000,16363
TFC vs CF Montreal,401 Derby 2024,Major rivalry match at BMO Field.,Sports,2024-05-18,19:30:00,2024-05-18,10:00:00 PM,No,Yes,torontofc.ca,info@torontofc.ca,+1 416-815-5500,BMO Field,43.6328,-79.4186,28000,28000
Doors Open Toronto,Doors Open Day 1,Access to architecturally significant buildings.,History,2024-05-25,10:00:00,2024-05-25,5:00:00 PM,Yes,Yes,toronto.ca/doorsopen,doorsopen@toronto.ca,+1 416-338-0338,Citywide,43.6534,-79.3841,200000,100000
Doors Open Toronto,Doors Open Day 2,Access to architecturally significant buildings.,History,2024-05-26,10:00:00,2024-05-26,5:00:00 PM,Yes,Yes,toronto.ca/doorsopen,doorsopen@toronto.ca,+1 416-338-0338,Citywide,43.6534,-79.3841,200000,100000
Toronto Marathon,Marathon 2024,Spring marathon through city neighborhoods.,Sports,2024-05-05,7:30:00,2024-05-05,2:00:00 PM,No,Yes,torontomarathon.com,info@torontomarathon.com,+1 416-944-2765,Downtown,43.64,-79.38,15000,15000
Luminato Festival,Luminato Day 1,Multi-arts festival in public spaces.,Arts / Culture,2024-06-05,10:00:00,2024-06-05,11:00:00 PM,Yes,Yes,luminatofestival.com,info@luminato.com,+1 416-368-3745,Various,43.6475,-79.3815,250000,25000
NXNE Festival,NXNE Day 1,North by Northeast music and arts festival.,Music Festival,2024-06-12,12:00:00,2024-06-12,11:59:00 PM,No,Yes,nxne.com,info@nxne.com,+1 416-863-6963,Various Venues,43.6561,-79.3802,50000,10000
NXNE Festival,NXNE Day 2,North by Northeast music and arts festival.,Music Festival,2024-06-13,12:00:00,2024-06-13,11:59:00 PM,No,Yes,nxne.com,info@nxne.com,+1 416-863-6963,Various Venues,43.6561,-79.3802,50000,10000
Taste of Little Italy,Little Italy Day 1,Food and music on College Street.,Food / Festival,2024-06-14,19:00:00,2024-06-14,11:59:00 PM,Yes,Yes,tolittleitaly.com,info@tolittleitaly.com,+1 416-546-4036,College St,43.6554,-79.4132,200000,66666
Taste of Little Italy,Little Italy Day 2,Food and music on College Street.,Food / Festival,2024-06-15,11:00:00,2024-06-15,11:59:00 PM,Yes,Yes,tolittleitaly.com,info@tolittleitaly.com,+1 416-546-4036,College St,43.6554,-79.4132,200000,66666
Pride Toronto Festival,Pride Toronto Day 1,Massive celebration of 2SLGBTQ+ communities.,Community,2024-06-28,10:00:00,2024-06-28,11:00:00 PM,Yes,Yes,pridetoronto.com,office@pridetoronto.com,+1 416-927-7433,Church-Wellesley Village,43.6656,-79.3809,2600000,866666
Pride Toronto Festival,Pride Toronto Day 2,Street fair and community performances.,Community,2024-06-29,10:00:00,2024-06-29,11:00:00 PM,Yes,Yes,pridetoronto.com,office@pridetoronto.com,+1 416-927-7433,Church-Wellesley Village,43.6656,-79.3809,2600000,866666
Pride Toronto Festival,Pride Toronto Day 3,The main Pride Parade through downtown Toronto.,Community,2024-06-30,10:00:00,2024-06-30,11:00:00 PM,Yes,Yes,pridetoronto.com,office@pridetoronto.com,+1 416-927-7433,Church-Wellesley Village,43.6656,-79.3809,2600000,866666
Canada Day 2024,Canada Day NPS,Fireworks and live music for Canada Day.,Holiday,2024-07-01,12:00:00,2024-07-01,11:00:00 PM,Yes,Yes,toronto.ca,spev@toronto.ca,+1 416-338-0338,Nathan Phillips Square,43.6535,-79.3839,120000,120000
Budweiser Stage: Maroon 5,Maroon 5 Day 1,High-capacity outdoor concert at Ontario Place.,Concert,2024-07-03,19:00:00,2024-07-03,11:00:00 PM,No,Yes,livenation.com,info@livenation.com,+1 416-263-5200,Budweiser Stage,43.6295,-79.4153,16000,16000
Honda Indy Toronto,Honda Indy Day 1,IndyCar series racing on the exhibition grounds.,Sports,2024-07-19,8:00:00,2024-07-19,6:00:00 PM,No,Yes,hondaindy.com,info@hondaindy.com,+1 416-588-7223,Exhibition Place,43.6328,-79.4116,155000,51666
Honda Indy Toronto,Honda Indy Day 2,IndyCar series racing on the exhibition grounds.,Sports,2024-07-20,8:00:00,2024-07-20,6:00:00 PM,No,Yes,hondaindy.com,info@hondaindy.com,+1 416-588-7223,Exhibition Place,43.6328,-79.4116,155000,51666
Honda Indy Toronto,Honda Indy Day 3,Final race day of the Honda Indy.,Sports,2024-07-21,8:00:00,2024-07-21,6:00:00 PM,No,Yes,hondaindy.com,info@hondaindy.com,+1 416-588-7223,Exhibition Place,43.6328,-79.4116,155000,51666
Toronto Caribbean Carnival,Caribana Day 1,Cultural celebration of Caribbean spirit.,Festival / Culture,2024-08-01,9:00:00,2024-08-01,10:00:00 PM,Yes,Yes,torontocarnival.ca,info@torontocarnival.ca,+1 416-391-5608,Exhibition Place,43.6328,-79.4116,1300000,325000
Toronto Caribbean Carnival,Caribana Day 2,Massive carnival celebration and parties.,Festival / Culture,2024-08-02,9:00:00,2024-08-02,11:00:00 PM,Yes,Yes,torontocarnival.ca,info@torontocarnival.ca,+1 416-391-5608,Exhibition Place,43.6328,-79.4116,1300000,325000
Toronto Caribbean Carnival,Caribana Day 3,The Grand Parade at Lakeshore Blvd.,Festival / Culture,2024-08-03,8:00:00,2024-08-03,10:00:00 PM,Yes,Yes,torontocarnival.ca,info@torontocarnival.ca,+1 416-391-5608,Lakeshore Blvd,43.63,-79.412,1300000,325000
Toronto Caribbean Carnival,Caribana Day 4,Cultural parade and closing community events.,Festival / Culture,2024-08-04,10:00:00,2024-08-04,8:00:00 PM,Yes,Yes,torontocarnival.ca,info@torontocarnival.ca,+1 416-391-5608,Various Locations,43.63,-79.412,1300000,325000
Veld Music Festival,Veld 2024 Day 1,Electronic Dance Music and Hip-Hop festival.,Music Festival,2024-08-02,13:00:00,2024-08-02,11:00:00 PM,No,Yes,veldmusicfestival.com,info@veldmusicfestival.com,+1 416-869-9444,Downsview Park,43.7374,-79.4795,105000,35000
Veld Music Festival,Veld 2024 Day 2,Electronic Dance Music and Hip-Hop festival.,Music Festival,2024-08-03,13:00:00,2024-08-03,11:00:00 PM,No,Yes,veldmusicfestival.com,info@veldmusicfestival.com,+1 416-869-9444,Downsview Park,43.7374,-79.4795,105000,35000
Veld Music Festival,Veld 2024 Day 3,Electronic Dance Music and Hip-Hop festival.,Music Festival,2024-08-04,13:00:00,2024-08-04,11:00:00 PM,No,Yes,veldmusicfestival.com,info@veldmusicfestival.com,+1 416-869-9444,Downsview Park,43.7374,-79.4795,105000,35000
National Bank Open,Tennis Open Day 1,International pro tennis tournament (ATP men).,Sports,2024-08-04,11:00:00,2024-08-04,10:00:00 PM,No,Yes,nationalbankopen.com,info@tenniscanada.com,+1 416-665-9777,Sobeys Stadium,43.7715,-79.5103,160000,16000
Taste of the Danforth,Danforth 2024 Day 1,Large street festival for Greek food.,Food / Festival,2024-08-09,18:00:00,2024-08-09,11:59:00 PM,Yes,Yes,tasteofthedanforth.com,info@greektowntoronto.com,+1 416-469-5621,Danforth Ave,43.679,-79.345,1600000,533333
Taste of the Danforth,Danforth 2024 Day 2,Large street festival for Greek food.,Food / Festival,2024-08-10,12:00:00,2024-08-10,11:59:00 PM,Yes,Yes,tasteofthedanforth.com,info@greektowntoronto.com,+1 416-469-5621,Danforth Ave,43.679,-79.345,1600000,533333
Canadian National Exhibition,CNE 2024 Day 1,Annual community celebration and fair.,Fair,2024-08-16,10:00:00,2024-08-16,11:59:00 PM,No,Yes,theex.com,info@theex.com,+1 416-263-3800,Exhibition Place,43.6328,-79.4116,1600000,88888
Canadian National Exhibition,CNE 2024 Day 2,Annual community celebration and fair.,Fair,2024-08-17,10:00:00,2024-08-17,11:59:00 PM,No,Yes,theex.com,info@theex.com,+1 416-263-3800,Exhibition Place,43.6328,-79.4116,1600000,88888
Fan Expo Canada,Fan Expo 2024 Day 1,Massive pop culture and gaming convention.,Convention,2024-08-22,16:00:00,2024-08-22,9:00:00 PM,No,Yes,fanexpocanada.com,info@fanexpo.com,+1 416-585-8000,MTCC,43.6444,-79.3854,140000,35000
Fan Expo Canada,Fan Expo 2024 Day 2,Massive pop culture and gaming convention.,Convention,2024-08-23,10:00:00,2024-08-23,7:00:00 PM,No,Yes,fanexpocanada.com,info@fanexpo.com,+1 416-585-8000,MTCC,43.6444,-79.3854,140000,35000
TIFF (Int. Film Festival),TIFF 2024 Day 1,Premier film festival with world premieres.,Arts / Cinema,2024-09-05,9:00:00,2024-09-05,11:59:00 PM,No,Yes,tiff.net,customerrelations@tiff.net,+1 416-599-2033,TIFF Bell Lightbox,43.6464,-79.3905,450000,40909
TIFF (Int. Film Festival),TIFF 2024 Day 2,Premier film festival with world premieres.,Arts / Cinema,2024-09-06,9:00:00,2024-09-06,11:59:00 PM,No,Yes,tiff.net,customerrelations@tiff.net,+1 416-599-2033,TIFF Bell Lightbox,43.6464,-79.3905,450000,40909
Nuit Blanche Toronto,Nuit Blanche 2024,City-wide all-night contemporary art event.,Arts / Culture,2024-10-05,19:00:00,2024-10-06,7:00:00 AM,Yes,Yes,toronto.ca/nuitblanche,nuitblanche@toronto.ca,+1 416-338-0338,Citywide,43.6532,-79.3832,1200000,1200000
Toronto Waterfront Marathon,Waterfront Marathon 2024,International elite road race.,Sports,2024-10-20,8:00:00,2024-10-20,3:00:00 PM,No,Yes,torontowaterfrontmarathon.com,info@runwaterfront.com,+1 416-944-2765,Downtown,43.6486,-79.3853,25000,25000
Royal Agricultural Fair,The Royal Day 1,Agricultural and horse competition event.,Exhibition,2024-11-01,9:00:00,2024-11-01,9:00:00 PM,No,Yes,royalfair.org,info@royalfair.org,+1 416-263-3400,Exhibition Place,43.6328,-79.4116,300000,30000
Distillery Winter Village,Winter Village 2024 Day 1,Historical holiday market in Distillery District.,Holiday,2024-11-14,10:00:00,2024-11-14,9:00:00 PM,No,Yes,thedistillerywintervillage.com,info@thedistillery.ca,+1 416-364-1177,Distillery District,43.6503,-79.3596,600000,15000
The Santa Claus Parade,Santa Parade 2024,Annual parade through downtown Toronto.,Parade / Holiday,2024-11-24,12:30:00,2024-11-24,4:00:00 PM,Yes,Yes,thesantaclausparade.com,info@thesantaclausparade.com,+1 416-599-9909,Bloor / University,43.6669,-79.3926,750000,750000
Cavalcade of Lights,Cavalcade 2024 Day 1,Christmas tree lighting and skating at NPS.,Holiday,2024-11-30,15:00:00,2024-11-30,11:00:00 PM,Yes,Yes,toronto.ca,spev@toronto.ca,+1 416-338-0338,Nathan Phillips Square,43.6535,-79.3839,50000,50000
New Year's Eve 2024,NYE Toronto,Fireworks and public celebration at the harbor.,Holiday,2024-12-31,19:00:00,2025-01-01,12:30:00 AM,Yes,Yes,toronto.ca,spev@toronto.ca,+1 416-338-0338,Waterfront,43.6535,-79.3841,160000,160000
Toronto Jazz Festival,Jazz Fest Day 1,Major jazz performances in the Yorkville area.,Music Festival,2024-06-21,12:00:00,2024-06-21,11:00:00 PM,Yes,Yes,torontojazz.com,info@torontojazz.com,+1 416-928-2033,Yorkville,43.6702,-79.3912,500000,50000
Toronto Jazz Festival,Jazz Fest Day 2,Major jazz performances in the Yorkville area.,Music Festival,2024-06-22,12:00:00,2024-06-22,11:00:00 PM,Yes,Yes,torontojazz.com,info@torontojazz.com,+1 416-928-2033,Yorkville,43.6702,-79.3912,500000,50000
Do West Fest,Do West Day 1,"Music, food and community street takeover.",Community,2024-06-07,18:00:00,2024-06-07,11:00:00 PM,Yes,Yes,dowestfest.ca,info@dowestfest.ca,+1 416-533-3537,Dundas St West,43.6501,-79.4345,250000,83333
Do West Fest,Do West Day 2,"Music, food and community street takeover.",Community,2024-06-08,11:00:00,2024-06-08,11:00:00 PM,Yes,Yes,dowestfest.ca,info@dowestfest.ca,+1 416-533-3537,Dundas St West,43.6501,-79.4345,250000,83333
PNE (Toronto Takeover),PNE Day 1,Summer music and food pop-up at the Waterfront.,Festival,2024-07-06,12:00:00,2024-07-06,9:00:00 PM,No,Yes,torontowaterfront.ca,info@waterfront.ca,+1 416-999-8888,Waterfront,43.6333,-79.4167,30000,15000
JerkFest Toronto,JerkFest Day 1,Food and music festival celebrating Caribbean jerk.,Food / Festival,2024-08-09,17:00:00,2024-08-09,10:00:00 PM,No,Yes,jerkfestival.ca,info@jerkfestival.ca,+1 416-394-8750,Centennial Park,43.6504,-79.5878,65000,21666
JerkFest Toronto,JerkFest Day 2,Food and music festival celebrating Caribbean jerk.,Food / Festival,2024-08-10,11:00:00,2024-08-10,10:00:00 PM,No,Yes,jerkfestival.ca,info@jerkfestival.ca,+1 416-394-8750,Centennial Park,43.6504,-79.5878,65000,21666
The National Exhibition (CNE),CNE Air Show Day 1,Canadian International Air Show over Lake Ontario.,Special Event,2024-08-31,12:00:00,2024-08-31,3:30:00 PM,No,Yes,cias.org,info@cias.org,+1 416-263-3650,Exhibition Place,43.6328,-79.4116,500000,166666
The National Exhibition (CNE),CNE Air Show Day 2,Canadian International Air Show over Lake Ontario.,Special Event,2024-09-01,12:00:00,2024-09-01,3:30:00 PM,No,Yes,cias.org,info@cias.org,+1 416-263-3650,Exhibition Place,43.6328,-79.4116,500000,166666
Tirgan Festival,Tirgan Day 1,World's largest celebration of Iranian arts.,Arts / Culture,2024-07-18,10:00:00,2024-07-18,10:00:00 PM,Yes,Yes,tirgan.ca,info@tirgan.ca,+1 416-241-1000,Harbourfront Centre,43.6384,-79.382,150000,37500
Street Eats Market,Street Eats 2024,Ontario's largest food truck festival.,Food / Festival,2024-05-18,12:00:00,2024-05-18,8:00:00 PM,Yes,Yes,streeteatsmarket.com,info@streeteats.ca,+1 416-123-4567,Scarborough Town Centre,43.7755,-79.2577,45000,22500
Manifesto Festival,Manifesto Day 1,Multi-disciplinary arts and hip-hop culture.,Arts / Culture,2024-06-08,12:00:00,2024-06-08,11:00:00 PM,No,Yes,mnfsto.com,info@mnfsto.com,+1 416-555-9090,Various,43.6561,-79.3802,20000,10000
Afrowaveto Festival,Afrowave Day 1,Celebration of Afrobeats and Caribbean sounds.,Music Festival,2024-06-15,14:00:00,2024-06-15,11:00:00 PM,Yes,Yes,afrowaveto.ca,info@afrowaveto.ca,+1 416-777-1111,Yonge-Dundas Square,43.6561,-79.3802,15000,15000
Toronto Outdoor Art Fair,TOAF Day 1,Public contemporary art fair at City Hall.,Arts,2024-07-12,10:00:00,2024-07-12,7:00:00 PM,Yes,Yes,toaf.ca,info@toaf.ca,+1 416-646-0190,Nathan Phillips Square,43.6535,-79.3839,155000,51666
Taste of South Asia,South Asia 2024 Day 1,Street festival with focus on food and bazaar.,Festival,2024-08-17,12:00:00,2024-08-17,11:00:00 PM,Yes,Yes,tasteofsouthasia.com,info@southasia.ca,+1 416-888-9999,Gerrard St,43.67,-79.32,220000,110000
Toronto Chinatown Festival,Chinatown Day 1,Dragon dances and Asian street food.,Festival,2024-08-17,12:00:00,2024-08-17,11:00:00 PM,Yes,Yes,chinatownbia.com,info@chinatownbia.com,+1 416-263-1200,Spadina Ave,43.653,-79.398,250000,125000
ActiveTO (Danforth),ActiveTO 2024,Major road closure for cycling and pedestrians.,Sports,2024-06-23,7:00:00,2024-06-23,7:00:00 PM,Yes,Yes,toronto.ca/activeto,activeto@toronto.ca,+1 416-338-0338,Danforth Ave,43.678,-79.345,15000,15000
TIFF (Public Screenings),TIFF Day 3,Public world premiere screenings at Roy Thomson.,Arts / Cinema,2024-09-07,9:00:00,2024-09-07,11:59:00 PM,No,Yes,tiff.net,customerrelations@tiff.net,+1 416-599-2033,King St West,43.6464,-79.3905,450000,40909
TIFF (Public Screenings),TIFF Day 4,Public world premiere screenings at Roy Thomson.,Arts / Cinema,2024-09-08,9:00:00,2024-09-08,11:59:00 PM,No,Yes,tiff.net,customerrelations@tiff.net,+1 416-599-2033,King St West,43.6464,-79.3905,450000,40909
Toronto Rock Game,Rock Lacrosse 2024,Professional indoor lacrosse home game.,Sports,2024-03-23,19:00:00,2024-03-23,9:30:00 PM,No,Yes,torontorock.com,info@torontorock.com,+1 416-596-3075,FirstOntario Centre,43.6435,-79.3791,10000,10000
Raptors Home Game,Raptors 2024 Night,NBA basketball at Scotiabank Arena.,Sports,2024-01-17,19:30:00,2024-01-17,10:00:00 PM,No,Yes,nba.com/raptors,fans@raptors.com,+1 416-815-5500,Scotiabank Arena,43.6435,-79.3791,19800,19800
Maple Leafs Home Game,Leafs 2024 Night,NHL hockey at Scotiabank Arena.,Sports,2024-01-20,19:00:00,2024-01-20,9:30:00 PM,No,Yes,nhl.com/leafs,fans@leafs.com,+1 416-815-5500,Scotiabank Arena,43.6435,-79.3791,19200,19200
Toronto Comic Arts (TCAF),TCAF Day 1,Comic arts and literacy festival.,Arts / Literacy,2024-05-11,9:00:00,2024-05-11,6:00:00 PM,Yes,Yes,torontocomics.com,info@tcaf.ca,+1 416-533-6300,Public Library,43.6718,-79.3867,30000,15000
Art Toronto,Art Toronto Day 1,International contemporary art fair.,Arts / Culture,2024-10-25,12:00:00,2024-10-25,8:00:00 PM,No,Yes,arttoronto.ca,info@arttoronto.ca,+1 416-960-5390,MTCC,43.6444,-79.3854,20000,10000
Olivia Rodrigo: GUTS,Olivia Rodrigo Day 1,Sold-out pop concert at Scotiabank Arena.,Concert,2024-03-29,19:30:00,2024-03-29,11:00:00 PM,No,Yes,scotiabankarena.com,info@scotiabankarena.com,+1 416-815-5500,Scotiabank Arena,43.6435,-79.3791,18000,18000
Olivia Rodrigo: GUTS,Olivia Rodrigo Day 2,Sold-out pop concert at Scotiabank Arena.,Concert,2024-03-30,19:30:00,2024-03-30,11:00:00 PM,No,Yes,scotiabankarena.com,info@scotiabankarena.com,+1 416-815-5500,Scotiabank Arena,43.6435,-79.3791,18000,18000
Toronto Waterfront Festival,Waterfront Fest Day 1,Summer celebration featuring local food and nautical shows.,Festival,2024-09-14,11:00:00,2024-09-14,8:00:00 PM,Yes,Yes,towaterfrontfest.com,info@towaterfrontfest.com,+1 416-644-1744,Sugar Beach,43.6437,-79.3673,100000,50000
Toronto Waterfront Festival,Waterfront Fest Day 2,Summer celebration featuring local food and nautical shows.,Festival,2024-09-15,11:00:00,2024-09-15,6:00:00 PM,Yes,Yes,towaterfrontfest.com,info@towaterfrontfest.com,+1 416-644-1744,Sugar Beach,43.6437,-79.3673,100000,50000
Kensington Market Pedestrian Sunday,Kensington Day 1,Monthly street closure to cars for local arts and food.,Community,2024-05-26,12:00:00,2024-05-26,7:00:00 PM,Yes,Yes,kensingtonmarketbia.com,info@kensingtonmarketbia.com,+1 416-603-5000,Kensington Market,43.6547,-79.4007,30000,30000
Kensington Market Pedestrian Sunday,Kensington Day 2,Monthly street closure to cars for local arts and food.,Community,2024-06-30,12:00:00,2024-06-30,7:00:00 PM,Yes,Yes,kensingtonmarketbia.com,info@kensingtonmarketbia.com,+1 416-603-5000,Kensington Market,43.6547,-79.4007,30000,30000
Cabbagetown Festival,Cabbagetown Day 1,One of the city's oldest neighborhood street festivals.,Community,2024-09-07,11:00:00,2024-09-07,10:00:00 PM,Yes,Yes,cabbagetownfestival.org,info@cabbagetownbia.com,+1 416-921-0857,Parliament St,43.6668,-79.3683,150000,75000
Cabbagetown Festival,Cabbagetown Day 2,One of the city's oldest neighborhood street festivals.,Community,2024-09-08,11:00:00,2024-09-08,7:00:00 PM,Yes,Yes,cabbagetownfestival.org,info@cabbagetownbia.com,+1 416-921-0857,Parliament St,43.6668,-79.3683,150000,75000
The Gem and Mineral Show,Gem Show Day 1,"Canada's largest exhibition of gems, minerals, and fossils",Exhibition,2024-07-19,10:00:00 AM,2024-07-19,20:00:00,No,Yes,crystalmaster.ca,info@gemshow.ca,+1 416-555-8899,Civic Centre,43.7731,-79.2568,20000,6666
The Gem and Mineral Show,Gem Show Day 2,"Canada's largest exhibition of gems, minerals, and fossils",Exhibition,2024-07-20,10:00:00 AM,2024-07-20,20:00:00,No,Yes,crystalmaster.ca,info@gemshow.ca,+1 416-555-8899,Civic Centre,43.7731,-79.2568,20000,6666
The Gem and Mineral Show,Gem Show Day 3,"Canada's largest exhibition of gems, minerals, and fossils",Exhibition,2024-07-21,10:00:00 AM,2024-07-21,17:00:00,No,Yes,crystalmaster.ca,info@gemshow.ca,+1 416-555-8899,Civic Centre,43.7731,-79.2568,20000,6666
Toronto Veg Food Fest,Veg Fest Day 1,North America's largest celebration of all things veg.,Food / Festival,2024-09-20,16:00:00,2024-09-20,9:00:00 PM,Yes,Yes,vegfoodfest.com,info@veg.ca,+1 416-544-9800,Harbourfront Centre,43.6384,-79.382,40000,13333
Toronto Veg Food Fest,Veg Fest Day 2,North America's largest celebration of all things veg.,Food / Festival,2024-09-21,11:00:00,2024-09-21,9:00:00 PM,Yes,Yes,vegfoodfest.com,info@veg.ca,+1 416-544-9800,Harbourfront Centre,43.6384,-79.382,40000,13333
Vegandale Festival,Vegandale Day 1,"Large-scale vegan food, drinks, and music event.",Food / Festival,2024-09-07,11:00:00,2024-09-07,7:00:00 PM,No,Yes,vegandalefest.com,info@vegandalefest.com,+1 647-930-4100,Garrison Common,43.6366,-79.4124,30000,30000
The Word On The Street,Word Street Day 1,Annual book and magazine festival with local authors.,Arts / Literacy,2024-09-28,10:00:00,2024-09-28,6:00:00 PM,Yes,Yes,thewordonthestreet.ca,info@twots.ca,+1 416-504-7241,Queen's Park,43.6635,-79.3924,200000,100000
The Word On The Street,Word Street Day 2,Annual book and magazine festival with local authors.,Arts / Literacy,2024-09-29,10:00:00,2024-09-29,6:00:00 PM,Yes,Yes,thewordonthestreet.ca,info@twots.ca,+1 416-504-7241,Queen's Park,43.6635,-79.3924,200000,100000
Toronto After Dark Film Fest,After Dark Day 1,"Horro, sci-fi, and action film festival.",Arts / Cinema,2024-10-16,18:00:00,2024-10-16,11:59:00 PM,No,Yes,torontoafterdark.com,info@torontoafterdark.com,+1 416-555-6677,Scotiabank Theatre,43.6489,-79.3914,10000,1111
Indie88's Birthday Bash,Indie88 Bash 2024,Celebrating local alternative radio with live bands.,Concert,2023-09-13,19:00:00,2023-09-14,1:00:00 AM,No,Yes,indie88.com,info@indie88.com,+1 416-588-0881,History Venue,43.6664,-79.3131,2500,2500
Kensington Winter Solstice,Solstice Day 1,Neighborhood parade with lanterns and fire performances.,Community / Parade,2024-12-21,18:00:00,2024-12-21,9:00:00 PM,Yes,Yes,redpepperspectacle.com,info@redpepper.ca,+1 416-504-6912,Kensington Market,43.6547,-79.4007,10000,10000
Toronto Christmas Pet Show,Pet Show Day 1,Large consumer show for pet lovers and industry.,Exhibition,2024-11-23,10:00:00,2024-11-23,6:00:00 PM,No,Yes,torontochristmaspetshow.ca,info@petshow.ca,+1 905-659-3113,International Centre,43.699,-79.6367,25000,12500
Toronto Christmas Pet Show,Pet Show Day 2,Large consumer show for pet lovers and industry.,Exhibition,2024-11-24,10:00:00,2024-11-24,5:00:00 PM,No,Yes,torontochristmaspetshow.ca,info@petshow.ca,+1 905-659-3113,International Centre,43.699,-79.6367,25000,12500
Portugal Day Parade,Portugal Day 2024,Large parade celebrating Portuguese heritage.,Parade / Culture,2024-06-08,11:00:00,2024-06-08,3:00:00 PM,Yes,Yes,acap.ca,info@acap.ca,+1 416-555-3344,Dundas St West,43.6496,-79.4316,150000,150000
India Day Parade,India Day 2024,Celebrating Indian Independence Day with a parade.,Parade / Culture,2024-08-18,12:00:00,2024-08-18,5:00:00 PM,Yes,Yes,panoramicindia.org,info@panoramicindia.org,+1 416-555-0099,Nathan Phillips Square,43.6535,-79.3839,50000,50000
Toronto Reel Asian Film Fest,Reel Asian Day 1,Contemporary Asian cinema showcase.,Arts / Cinema,2024-11-13,18:00:00,2024-11-13,10:00:00 PM,No,Yes,reelasian.com,info@reelasian.com,+1 416-703-9333,Various,43.648,-79.395,20000,2000
ActiveTO Lakeshore,ActiveTO Day 1,Massive road closure on Lakeshore Blvd for cyclists.,Sports / Outdoor,2024-06-15,7:00:00,2024-06-15,7:00:00 PM,Yes,Yes,toronto.ca/activeto,activeto@toronto.ca,+1 416-338-0338,Lakeshore Blvd West,43.6333,-79.414,45000,22500
ActiveTO Lakeshore,ActiveTO Day 2,Massive road closure on Lakeshore Blvd for cyclists.,Sports / Outdoor,2024-06-16,7:00:00,2024-06-16,7:00:00 PM,Yes,Yes,toronto.ca/activeto,activeto@toronto.ca,+1 416-338-0338,Lakeshore Blvd West,43.6333,-79.414,45000,22500
Blue Jays vs Yankees,Jays Bike Day,High-attendance MLB game with heavy Bike Share use.,Sports,2024-06-28,19:07:00,2024-06-28,10:30:00 PM,No,Yes,mlb.com/bluejays,fanfeedback@bluejays.com,+1 416-341-1000,Rogers Centre,43.6414,-79.3894,41000,41000
Ride for Heart,Ride for Heart Day 1,Massive charity ride on closed Gardiner Expressway.,Sports / Charity,2024-06-02,6:00:00,2024-06-02,2:00:00 PM,No,Yes,rideforheart.ca,info@heartandstroke.ca,+1 888-473-4636,Gardiner Expressway,43.6391,-79.3837,15000,15000
Argonauts Home Opener,Argos Day 1,CFL opening game at BMO Field near cycling paths.,Sports,2024-06-09,19:00:00,2024-06-09,10:00:00 PM,No,Yes,argonauts.ca,info@mlse.com,+1 416-815-5500,BMO Field,43.6328,-79.4186,15000,15000
Toronto Triathlon Festival,Triathlon Day 1,Major city triathlon using Lakeshore bike paths.,Sports,2024-07-14,7:00:00,2024-07-14,2:00:00 PM,No,Yes,torontotriathlonfestival.com,info@torontotri.com,+1 416-555-4433,Ontario Place,43.6285,-79.4154,5000,5000
Beaches Jazz Festival,Beaches Jazz Day 1,Street festival accessible via Martin Goodman Trail.,Music Festival,2024-07-25,18:00:00,2024-07-25,11:00:00 PM,Yes,Yes,beachesjazz.com,info@beachesjazz.com,+1 416-698-2152,Queen St East,43.6695,-79.2985,800000,26666
Beaches Jazz Festival,Beaches Jazz Day 2,Street festival accessible via Martin Goodman Trail.,Music Festival,2024-07-26,18:00:00,2024-07-26,11:00:00 PM,Yes,Yes,beachesjazz.com,info@beachesjazz.com,+1 416-698-2152,Queen St East,43.6695,-79.2985,800000,26666
Beaches Jazz Festival,Beaches Jazz Day 3,Street festival accessible via Martin Goodman Trail.,Music Festival,2024-07-27,11:00:00,2024-07-27,11:00:00 PM,Yes,Yes,beachesjazz.com,info@beachesjazz.com,+1 416-698-2152,Queen St East,43.6695,-79.2985,800000,26666
Woodbine Beach Fireworks,Victoria Day Night,Massive fireworks display with peak bike usage.,Holiday / Festival,2024-05-20,19:00:00,2024-05-20,10:30:00 PM,Yes,Yes,toronto.ca,spev@toronto.ca,+1 416-338-0338,Woodbine Beach,43.6631,-79.305,50000,50000
Toronto Wolfpack Game,Wolfpack Return,Rugby match at Lamport Stadium (Bike Share central).,Sports,2024-05-25,15:00:00,2024-05-25,5:00:00 PM,No,Yes,torontowolfpack.com,info@wolfpack.com,+1 416-555-3322,Lamport Stadium,43.6388,-79.4243,8000,8000
CNE Opening Day,CNE Bike Peak,Huge demand for Bike Share at Exhibition stations.,Fair,2024-08-16,10:00:00,2024-08-16,11:59:00 PM,No,Yes,theex.com,info@theex.com,+1 416-263-3800,Exhibition Place,43.6328,-79.4116,1600000,88888
Toronto Waterfront Night Market,WNM Bike Access,Heavy evening cycling traffic to Cherry St area.,Food / Festival,2024-08-09,18:00:00,2024-08-09,11:59:00 PM,No,Yes,waterfrontnightmarket.com,info@wnm.ca,+1 647-812-7065,Ontario Place,43.6285,-79.4154,120000,40000
